Negative,neg_chi
ABANDON,放棄
ABANDONMENT,放棄
ABATE,ab
ABDICATE,放棄
ABHOR,痛恨
ABJECT,ab
ABNORMAL,不正常
ABOLISH,廢除
ABOMINABLE,可惡
ABRASIVE,磨料
ABRUPT,abr
ABSCOND,潛逃
ABSENCE,缺席
ABSENT#1,缺席＃1
ABSENT-MINDED,恍惚
ABSENTEE,缺席者
ABSURD,荒誕
ABSURDITY,荒謬
ABUSE#1,濫用＃1
ABUSE#2,濫用＃2
ABYSS,深淵
ACCIDENT,深淵
ACCOST,招呼
ACCURSED,呼氣
ACCUSATION,指控
ACCUSE#1,指責＃1
ACCUSE#2,指責＃2
ACHE,疼痛
ACRIMONIOUS,尖刻
ACRIMONY,acrimony.
ADDICT,癮君子
ADDICTION,癮
ADMONISH,諫
ADMONITION,警告
ADULTERATE,摻雜
ADULTERATION,摻假
ADULTERY,通姦
ADVERSARY,對手
ADVERSE,不利
ADVERSITY,逆境
AFFECTATION,做作
AFFLICT,折磨
AFFLICTION,痛苦
AFRAID#2,害怕＃2
AGAINST,反對
AGGRAVATE,加劇
AGGRAVATION,加重
AGGRESSION,侵略
AGGRESSIVE,挑釁的
AGGRESSIVENESS,侵略性
AGGRESSOR,侵略者
AGGRIEVE,侵害
AGHAST,駭然
AGITATE,激盪
AGITATION,激盪
AGITATOR,攪拌器
AGONIZE,煩惱
AGONY,痛苦
AIL,AIL.
AILMENT,病痛
AIMLESS,漫無目的
ALARM#2,警報＃2
ALARMING,令人震驚的
ALAS,唉
ALIBI,唉
ALIEN,外星人
ALIENATE,離間
ALIENATION,異化
ALLEGATION,指控
ALLEGE,alle
ALOOF,超然
ALTERCATION,爭吵
AMBIGUITY,歧義
AMBIGUOUS,模糊的
AMBIVALENT,矛盾
AMBUSH#1,ambush＃1
AMBUSH#2,ambush＃2
AMISS,不安
AMPUTATE,截肢
ANARCHIST,無政府主義者
ANARCHY,無政府狀態
ANGER#1,憤怒＃1
ANGER#2,憤怒＃2
ANGRY,生氣的
ANGUISH,痛苦
ANIMOSITY,敵意
ANNIHILATE,殲滅
ANNIHILATION,湮滅
ANNOY,煩惱
ANNOYANCE,煩惱
ANOMALOUS,異常
ANOMALY,異常
ANTAGONISM,對抗
ANTAGONIST,拮抗劑
ANTAGONISTIC,敵對的
ANTAGONIZE,對抗
ANTI-SOCIAL,反社會
ANTIPATHY,反感
ANTIQUATED,過時
ANTITRUST,反托拉斯
ANXIETY,焦慮
ANXIOUS#2,焦慮＃2
ANXIOUS#3,焦慮＃3
ANXIOUSNESS,焦點
APATHETIC,ap
APATHY,冷漠
APPALL#1,Appall＃1
APPALL#2,Appall＃2
APPREHENSION,顧慮
APPREHENSIVE,憂慮
ARBITRARY,隨意的
ARDUOUS,艱鉅
ARGUE#1,爭論＃1
ARGUMENT#1,爭論＃1
ARREST#1,逮捕＃1
ARREST#2,逮捕＃2
ARROGANCE,逮捕＃2
ARROGANT,傲慢的
ARTIFICIAL,人造的
ASHAMED,羞愧
ASSAIL,攻擊
ASSAILANT,襲擊者
ASSASSIN,刺客
ASSASSINATE,暗殺
ASSAULT#1,攻擊＃1
ASSAULT#2,突擊＃2
ASTRAY,誤入歧途
ASUNDER,rsunder.
ATROCIOUS,荒謬
ATROPHY,萎縮
ATTACK#1,攻擊＃1
ATTACK#2,攻擊＃1
ATTACK#3,攻擊＃2
AUDACIOUS,膽大
AUDACITY,大膽
AUSTERE,Austere.
AUTOCRAT,獨裁者
AUTOCRATIC,專制
AVARICE,貪婪
AVARICIOUS,貪婪
AVENGE,報仇
AVERSION,厭惡
AVERT,避免
AVOID,避免
AVOIDANCE,避免
AWFUL#1,可怕的＃1
AWKWARD,尷尬的
AWKWARDNESS,尷尬的
AX,斧頭
BABBLE,潺潺
BACKWARD,潺潺
BACKWARDNESS,落後
BAD,壞的
BADLY,bad
BAFFLE,擋板
BAFFLEMENT,筋傷
BAIL,保釋
BAIT,餌
BALK,b
BANAL,平庸
BANDIT,土匪
BANE,b
BANISH#1,Babish＃1
BANISH#2,Babish＃2
BANISHMENT,流放
BANKRUPT,破產
BANKRUPTCY,破產
BAR#4,酒吧＃4
BARBARIAN,野蠻人
BARBAROUS,野蠻
BARREN,荒蕪
BARRIER,障礙
BASHFUL,bashful.
BASTARD,混蛋
BATTLE#1,戰鬥＃1
BATTLE#2,戰鬥＃2
BATTLEFIELD,戰場
BEASTLY,
BEAT#2,擊敗＃2
BEAT#3,擊敗＃3.
BEAT#4,擊敗＃4.
BEG,擊敗＃4.
BEGGAR,乞丐
BEHEAD,斬首
BELATED,斬首
BELIE,bel
BELITTLE,貶低
BELLIGERENT,交戰道
BELT#2,皮帶＃2
BEREAVE,親愛的
BEREAVEMENT,喪親
BEREFT,b
BERSERK,Berserk.
BESEECH,懇求
BESET,困
BESIEGE,圍攻
BETRAY,背叛
BETRAYAL,背叛
BEWARE,謹防
BEWILDER,迷惑
BEWILDERMENT,困惑
BIT#2,位＃2
BITCHY,婊子
BITE#1,咬＃1
BITE#2,咬＃1
BITE#3,咬＃3.
BITTER,苦的
BITTERNESS,苦的
BIZARRE,奇異
BLACKMAIL,勒索
BLAH,布拉
BLAME#1,責備＃1
BLAME#2,責怪
BLAND,bl
BLAST#1,爆炸＃1
BLAST#2,爆炸＃2
BLATANT,公然的
BLEAK,公然的
BLEMISH,缺陷
BLIND#1,盲目＃1
BLIND#2,盲目＃2
BLIND#3,
BLIND#4,盲目＃4
BLINDNESS,失明
BLOCK#1,塊＃1
BLOCK#2,塊＃2
BLOCKHEAD,傻瓜
BLOODSHED,血腥
BLOODTHIRSTY,嗜血
BLOODY,血腥
BLOW#1,吹＃1
BLOW#3,吹＃1
BLUNDER,錯誤
BLUNT,鈍
BLUR,鈍
BLURT,迷失
BOARD#7,董事會＃7
BOAST,誇
BOASTFUL,誇
BOGUS,虛假
BOISTEROUS,喧鬧的
BOLT,螺栓
BOMB#1,炸彈＃1
BOMB#2,炸彈＃2
BOMBARD,轟擊
BOMBARDMENT,轟擊
BONDAGE,束縛
BOOT,靴子
BORE#1,靴子
BORE#5,鑽孔＃5
BORE#6,鑽孔＃6
BOREDOM,無聊
BOTHER#1,打屁股＃1
BOTHER#3,打擾＃3
BOTHERSOME,嗜不起
BOUND#3,綁定＃3
BOUT,回合
BOX#2,盒＃2
BRAG,吹牛
BRANDISH,揮舞
BRAT,小子
BRAVADO,勇敢
BRAWL,爭吵
BRAZEN,厚顏無恥
BREACH,違反
BREAK#1,休息＃1
BREAK#4,打破＃4.
BREAK#5,打破＃4.
BREAKDOWN,分解
BRIBE,賄賂
BRISTLE,鬃
BRITTLE,脆
BROKE#3,脆
BROKE#5,打破＃5.
BROKE#6,打破＃6
BROKE#7,打破＃7.
BROKEN-HEARTED,心碎了
BROOD,托
BRUISE,挫傷
BRUSQUE,粗暴
BRUTALITY,殘酷
BRUTE,br
BRUTISH,br
BUCKLE,扣上
BUG#2,BUG＃2
BULLET,子彈
BUM,屁股
BUNGLE,搞糟
BURDEN#1,負擔＃1
BURDEN#2,負擔＃2
BURDENSOME,繁瑣
BURGLAR,竊賊
BURGLARY,入室盜竊
BURN#1,燒＃1
BURN#2,燒＃2
BURN#3,燒＃3.
BURN#4,燒＃4.
BURY,埋葬
BUSYBODY,忙碌的人
BUTCHERY,忙碌的人
CALAMITY,災害
CALLOUS,冷酷
CANCEL,取消
CANCELLATION,消除
CANCER,癌症
CANNIBAL,cannibal.
CANNON,cannibal.
CAPITAL#2,首都＃2
CAPITULATE,投降
CAPRICIOUS,任性
CAPSIZE,傾覆
CAPTIVE,俘虜
CAPTURE#1,捕獲＃1
CAPTURE#2,捕獲＃2
CAREEN,Careen
CARELESS,粗心
CARELESSNESS,粗心
CASUALTY,傷員
CATACLYSM,大災變
CATASTROPHE,大災變
CATCH#3,捕捉＃3.
CAVE#2,洞＃2
CENSOR,審查
CENSORSHIP,審查
CENSURE,譴責
CHAFE,摩擦
CHALLENGE#1,挑戰＃1
CHALLENGE#2,挑戰＃2
CHAOS,混亂
CHAOTIC,混亂的
CHARGE#2,充電＃2
CHARGE#3,充電＃3
CHARGE#6,充電＃6.
CHARGE#7,充電＃7.
CHASE#1,追逐＃1
CHASE#2,追逐＃2
CHASTISE,懲罰
CHEAP,便宜的
CHEAPEN,廉價
CHEATER,騙子
CHIDE,喝叱
CHILDISH,幼稚
CHOKE#1,窒息＃1
CHOKE#2,窒息＃2
CHORE,窒息＃2
CHRONIC,慢性的
CIRCLE#3,圈＃3
CLAMOR,叫囂
CLAMOROUS,克定
CLASH,衝突
CLATTER,噠
CLIQUE,派系
CLOG,阻塞
CLOSE#2,關閉＃2
CLOSE#7,關閉＃7
CLUB#2,關閉＃7
CLUB#3,俱樂部＃3
CLUMSY,笨拙
CLUTTER,雜亂
COARSE,粗
COARSENESS,粗糙
COCKINESS,cock
COCKY,cock
COERCE,脅迫
COERCION,強迫
COERCIVE,脅迫
COLD#1,冷＃1
COLD#2,冷＃2
COLD#3,冷＃3
COLD#6,冷＃3
COLLAPSE#1,折疊＃1
COLLAPSE#2,折疊＃2
COLLIDE,碰撞
COLLISION,碰撞
COLLUSION,共謀
COLONY,殖民地
COMBAT#1,戰鬥＃1
COMBAT#2,戰鬥＃2
COMBATANT,爭鬥者
COMMISERATION,憐憫
COMMIT#1,提交＃1
COMMONER,普通話
COMMONPLACE,平凡
COMMOTION,平凡
COMPEL#1,COMPEL＃1
COMPEL#2,強迫＃2
COMPETE,競爭
COMPETITION,競賽
COMPETITIVE,競爭的
COMPETITOR,競爭者
COMPLAIN,抱怨
COMPLAINT,抱怨
COMPLEX,複雜的
COMPLEXITY,複雜
COMPLICATE#1,複雜＃1
COMPLICATE#2,複雜＃2
COMPLICATION,並發症
COMPLICITY,共謀
COMPULSION,強制
CONCEAL,隱藏
CONCEIT,con
CONCERN#1,關注＃1
CONCERN#2,關注＃2
CONDEMN#1,譴責＃1
CONDEMN#2,譴責＃2
CONDEMNATION,譴責
CONDESCENDING,居終
CONDESCENSION,屈尊俯就
CONFESS,承認
CONFESSION,懺悔
CONFINE#1,限制＃1
CONFINE#2,限制＃2
CONFINEMENT,約束
CONFISCATE,沒收
CONFISCATION,沒收
CONFLICT#1,沒收
CONFLICT#2,衝突＃2
CONFLICT#3,衝突＃3
CONFLICT#4,衝突＃4
CONFOUND,conf
CONFRONT,面對
CONFRONTATION,對抗
CONFUSE#1,混淆＃1
CONFUSE#2,混淆＃2
CONFUSE#3,混淆＃3
CONFUSE#4,混淆＃4
CONFUSION,困惑
CONGESTED,擁擠
CONGESTION,擁塞
CONSPIRACY,陰謀
CONSPIRATOR,陰謀
CONSPIRE,同謀
CONSTERNATION,驚愕
CONSTRAIN,約束
CONSTRAINT,約束
CONSUMPTIVE,約束
CONTAGIOUS,傳染性
CONTAMINATE,污染
CONTAMINATION,污染
CONTEMPT,
CONTEMPTIBLE,可鄙
CONTEMPTUOUS,輕蔑
CONTEND,抗衡
CONTRADICT,頂撞
CONTRADICTION,矛盾
CONTRADICTORY,矛盾
CONTRARY,相反
CONTROVERSIAL,有爭議的
CONTROVERSY,爭議
CONVICT#1,爭議
CONVICT#2,囚犯＃2
COOL,涼爽的
COOLNESS,涼爽
CORRODE,腐蝕
CORROSION,腐蝕
CORROSIVE,腐蝕性
CORRUPT,腐蝕性
CORRUPTION,腐敗
COST#1,成本＃1
COST#2,成本＃2
COSTLINESS,昂貴
COSTLY,昂貴
COUNTERACT,抵消
COUNTERACTION,反作用
COUNTERFEIT,偽造
COVERT,隱蔽
COVET,貪圖
COWARD,懦夫
CRAFTY,狡猾
CRAM,cr
CRAMP,抽筋
CRANKY,cr
CRASS,cr
CRAVE,渴望
CRAWL#2,爬行＃2
CRAZE,狂熱
CRAZINESS,瘋狂
CRAZY,瘋狂的
CREDULOUS,輕信
CRIME,犯罪
CRIMINAL,刑事
CRINGE,畏縮
CRIPPLE,削弱
CRISIS,危機
CRITIC,評論家
CRITICIZE,批評
CROAK,批評
CROOK,發牢騷
CROOKED,歪
CROSS#3,十字架＃3
CROSS#6,十字架＃6
CROSS#7,十字架＃6
CRUDE,原油
CRUEL,殘忍的
CRUELTY,殘酷
CRUMBLE,崩潰
CRUMPLE,弄皺
CRUSH#1,弄皺
CRUSH#2,粉碎＃2
CRUSHING,破碎
CULPABLE,累累
CULPRIT,罪魁禍首
CUMBERSOME,笨重
CURSE#1,詛咒＃1
CURSE#2,詛咒＃2
CURSORY,練習
CURT,curt
CURTAIL,縮減
CUT#1,切＃1
CUT#2,切＃2.
CYNICAL,憤世嫉俗
CYNICISM,玩世不恭
DAMAGE#1,損壞＃1
DAMAGE#2,損壞＃2
DAMN,該死
DAMNABLE,詛咒
DAMNED,詛咒
DANGER,危險
DANGEROUS,危險的
DARK,危險的
DARKEN,變暗
DARKNESS,黑暗
DARN,達恩
DAUNTING,達恩
DAWDLE,混日子
DAZE,發呆
DEAD,死的
DEADLOCK,僵局
DEADLY,致命
DEADWEIGHT,沉重的
DEAF,聾
DEAFNESS,耳聾
DEARTH,缺乏
DEATH,死亡
DEBATABLE,可辯護
DEBTOR,債務人
DECADENCE,頹廢
DECADENT,頹廢
DECAY#1,腐爛＃1
DECAY#2,腐爛＃2
DECEASE,死亡
DECEIT,欺騙
DECEITFUL,欺騙性
DECEIVE#1,欺騙＃1
DECEIVE#2,欺騙＃2
DECEPTION,欺騙
DECEPTIVE,欺騙性
DECLINE#1,
DECLINE#2,拒絕＃2
DECOMPOSE,分解
DECREASE#1,減少＃1
DECREASE#2,減少＃2
DEFAME,誹謗
DEFAULT,默認
DEFEAT#1,擊敗＃1
DEFEAT#2,擊敗＃2
DEFECT,缺點
DEFECTIVE,有缺陷的
DEFENDANT,被告
DEFENSIVE,防守
DEFIANCE,蔑視
DEFIANT,挑戰
DEFICIENCY,不足
DEFICIENT,不足
DEFICIT,赤字
DEFILE,玷污
DEFY,違抗
DEGENERATE,退化
DEGRADE,降級
DEJECTED,垂頭喪氣
DELAY#1,垂頭喪氣
DELAY#2,延遲＃2
DELINQUENCY,違法
DELINQUENT,拖欠
DELIRIUM,譫妄
DELUGE,洪水
DELUSION,妄想
DEMEAN,貶義
DEMISE,
DEMOLISH,拆除
DEMON,惡魔
DEMORALIZE,demoralize
DENIAL,否認
DENOUNCE,聲討
DENT,聲討
DENY,凹痕
DEPENDENT,依賴
DEPLETE,消耗
DEPLORABLE,可令人遺憾的
DEPLORE,令人遺憾
DEPOSE,免職
DEPRAVED,免職
DEPRECIATE,貶值
DEPRECIATION,貶值
DEPRESS#1,抑制＃1
DEPRESS#2,抑制＃2
DEPRESS#3,抑制＃3
DEPRESSION#1,抑鬱症＃1
DEPRESSION#2,抑鬱症＃2
DEPRIVE,剝奪
DERIDE,嘲笑
DERISION,嘲笑
DERISIVE,嘲弄
DEROGATORY,貶
DESERT#2,沙漠＃2
DESERT#4,沙漠＃4
DESERTION,遺棄
DESIRE#3,慾望＃3
DESOLATE,荒涼
DESOLATION,荒涼
DESPAIR#1,絕望＃1
DESPAIR#2,絕望＃2
DESPERATE,絕望的
DESPERATION,絕望
DESPICABLE,卑鄙
DESPISE#1,鄙視＃1
DESPISE#2,鄙視＃2
DESTITUTE,貧困
DESTROY,破壞
DESTRUCTION,毀滅
DESTRUCTIVE,破壞性的
DETACHMENT,分離
DETAIN,扣留
DETER,阻止
DETERRENT,威懾
DETEST,det
DETESTABLE,可恨
DETRACT,貶低
DETRIMENTAL,有害的
DEVASTATE,有害的
DEVASTATION,毀滅性
DEVIATE,偏離
DEVIATION,偏差
DEVIL,魔鬼
DEVILISH,魔鬼
DEVIOUS,義
DEVOID,
DIABOLIC,惡魔
DIABOLICAL,惡魔般的
DICTATE,聽寫
DICTATORIAL,獨裁者
DIFFER,不同
DIFFICULT,難的
DIFFICULTY,困難
DILEMMA,困境
DIM#1,昏暗＃1
DIM#2,昏暗＃2
DIN,din
DIRE,reire.
DIRT,污垢
DIRTY,骯髒的
DISABLE,禁用
DISADVANTAGE,壞處
DISADVANTAGEOUS,不利
DISAGREEABLE,不愉快
DISAGREEMENT,dis
DISAPPOINT#1,失望＃1
DISAPPOINT#2,失望＃2
DISAPPOINT#3,失望＃3
DISAPPOINT#4,失望＃4
DISAPPOINTMENT,失望
DISAPPROVAL,不贊成
DISAPPROVE,不贊成
DISARM,解除武裝
DISASTER,災難
DISASTROUS,慘重
DISAVOW,否認
DISAVOWAL,禁止
DISBELIEF,懷疑
DISCHARGE#1,排放＃1
DISCHARGE#2,排放＃2
DISCLAIM,放棄
DISCOMFORT,不適
DISCONCERTED,令人討厭的
DISCONTENT,不滿
DISCORD,不和諧
DISCORDANT,不和諧
DISCOURAGE#1,勸阻＃1
DISCOURAGE#2,勸阻＃2
DISCOURAGEMENT,勸阻
DISCREDIT,詆毀
DISCREPANT,謬誤
DISCRIMINATE,辨析
DISDAIN,蔑視
DISEASE,蔑視
DISEASED,患病
DISGRACE,恥辱
DISGUISE,偽裝
DISGUST#1,厭惡＃1
DISGUST#2,厭惡＃2
DISGUST#3,厭惡＃3
DISGUST#4,厭惡＃4
DISGUST#5,厭惡＃4
DISHEARTEN,沮喪
DISHONEST,不誠實
DISHONOR,羞辱
DISINGENUOUS,不消化
DISINTEREST,dis
DISLIKE#1,不喜歡＃1
DISLIKE#2,不喜歡＃2.
DISMAL,不喜歡＃2.
DISMISS#1,解僱＃1
DISMISS#2,駁回＃2
DISOBEDIENCE,
DISOBEDIENT,忤
DISORDER,紊亂
DISORGANIZED,雜亂化
DISPEL,雜亂化
DISPENSABILITY,可點性能
DISPENSE,分配
DISPLACE,替補
DISPLEASE,得罪
DISPLEASURE,得罪
DISPOSAL,處理
DISPOSE#1,處置＃1
DISPOSE#2,處置＃1
DISPROPORTIONATE,處置＃2
DISPROVE,dis
DISPUTABLE,爭議
DISPUTE#1,爭執＃1
DISPUTE#2,爭執＃2
DISREGARD,漠視
DISRUPT,擾亂
DISRUPTION,破壞
DISSATISFACTION,不滿意
DISSATISFIED,不滿意
DISSATISFY,不滿足
DISSENT,異議
DISSENTION,解釋
DISSOLUTION,解散
DISTORT,歪曲
DISTORTION,失真
DISTRACT,轉移
DISTRACTING,分散注意力
DISTRACTION,分心
DISTRESS#1,遇險＃1
DISTRESS#2,苦惱＃2
DISTRUSTFUL,不信心
DISTURB#1,打擾＃1
DISTURB#2,打擾＃2
DISTURB#3,打擾＃3
DISTURBANCE,騷亂
DIVERSION,導流
DIVERT,導流
DIVIDE#1,劃分＃1
DIVIDE#2,劃分＃2
DIVISION,分配
DIVORCE#1,離婚＃1
DIVORCE#2,離婚＃2
DIVORCE#3,離婚＃3
DIZZY,暈眩的
DOLDRUMS,低迷
DOMINATE#1,主導＃1
DOMINATE#2,主導＃2
DOMINATE#3,主導＃2
DOMINATION,統治
DOOM#1,厄運＃1
DOOM#2,厄運＃2
DOOMSDAY,末日
DOPE,塗料
DOUBLE#3,雙＃3
DOUBLE#4,雙＃4
DOUBT#1,雙＃4
DOUBT#2,懷疑＃2
DOUBT#4,懷疑＃4
DOUBTFUL,疑
DOWNCAST,沮喪
DOWNFALL,倒台
DOWNHEARTED,倒台
DRAB,單調
DRAG,單調
DREAD,恐懼
DREADFUL,可怕
DREARY,淒涼
DRIVE#2,驅動＃2
DROOP,驅動＃2
DROP#1,掉落＃1
DROP#3,掉＃3
DROP#4,掉落＃4.
DROUGHT,乾旱
DROWN#1,淹死＃1
DROWN#2,淹死＃2
DROWSINESS,睡意
DROWSY,昏昏欲睡
DRUNK#1,醉酒＃1
DRUNK#2,醉酒＃2
DRUNKARD,酒鬼
DRUNKEN,醉
DUBIOUS,可疑
DULL,可疑
DUMB,啞的
DUMP#1,轉儲＃1
DUMP#2,轉儲＃2
DUNCE,笨蛋
DUNGEON,地牢
DUTY,責任
DWINDLE,dwindle.
DYING#1,死亡＃1
DYING#2,死亡＃2
ECCENTRIC,偏心
ECCENTRICITY,偏心
EDGE#4,邊＃4
EGOTISTICAL,自負
ELIMINATE,排除
ELIMINATION,消除
EMBARRASS,
EMBARRASSMENT,尷尬
EMERGENCY,緊急情況
EMPTY#1,
EMPTY#2,空＃2
ENCROACH,侵犯
ENCROACHMENT,侵犯
ENDANGER,危害
ENEMY,敵人
ENFORCE,執行
ENGULF,吞噬
ENRAGE,激怒
ENSLAVE,奴役
ENTANGLE,絞
ENTANGLEMENT,糾纏
ENTREAT,懇求
ENVIOUS,羨慕
ENVY,嫉妒
EPIDEMIC,流行性
EPITHET,上述
EQUIVOCAL,equ
ERADICATE,根除
ERASE,擦拭
ERODE,侵蝕
EROSION,侵蝕
ERR,呃
ERRONEOUS,錯誤
ERROR,錯誤
ESOTERIC,eSoteric.
ESTRANGED,疏遠
EVADE,逃避
EVASION,逃避
EVEN#3,甚至＃3
EVICT,踪跡
EVIL#1,邪惡＃1
EVIL#2,邪惡＃2
EXAGGERATION,誇張
EXASPERATE,惡化
EXASPERATION,惱怒
EXCEPTION#2,例外＃2
EXCESS,例外＃2
EXCESSIVE,過多的
EXCLUDE,排除
EXCLUSION,排除
EXCOMMUNICATION,excomunication
EXECUTE,執行
EXEMPT,豁免
EXHAUST,排氣
EXHAUSTION,
EXILE,流亡
EXIT,離開
EXPEDIENT,權宜
EXPEL,驅逐
EXPENSE#1,費用＃1
EXPENSE#2,費用＃2
EXPENSIVE,昂貴的
EXPLODE,爆炸
EXPLOIT#2,爆炸＃2
EXPLOSION,爆炸
EXPLOSIVE,爆炸性
EXPOSE,暴露
EXTERMINATE,殄
EXTERMINATION,滅絕
EXTINCT,滅絕
EXTINGUISH,撲滅
EXTRAVAGANT,靡
FABRICATE,製造
FABRICATION,製造
FAIL#1,失敗＃1
FAIL#2,失敗＃2
FAIL#3,失敗＃3
FAIL#4,失敗＃4
FAILURE,失敗
FAINT,頭暈的
FAKE,偽造的
FAKE,假的
FAKE,贗品
FALLACY,謬論
FALLOUT,掉出來
False,錯誤的
FALSEHOOD,謬誤
FALTER,搖
FAMINE,飢荒
FAMISHED,飢
FANATIC,狂熱
FANATICAL,狂熱
FARCE,鬧劇
FASCIST,法西斯
FAT#1,脂肪＃1
FAT#2,脂肪＃2
FAT#3,胖＃3
FATAL,致命的
FATALISTIC,致命的
FATIGUE,疲勞
FAULT,過錯
FEAR#1,恐懼＃1
FEAR#2,
FEAR#3,恐懼＃3
FEARFUL,可怕
FEARSOME,可怕的
FED#2,美聯儲＃2
FEEBLE,微弱
FEIGN,假裝
FEINT,fe
FEROCIOUS,兇猛
FEROCITY,惡
FEUD,世仇
FEUDAL,封建
FEVER,發熱
FEVERISH,狂熱
FIASCO,慘敗
FICKLE,f
FIDGET,煩惱
FIEND,惡魔
FIERCE,惡魔
FIGHT#1,戰鬥＃1
FIGHT#2,戰鬥＃2
FIGHT#3,戰鬥＃3
FIGHTER,戰鬥機
FILTH,戰鬥機
FILTHY,污穢
FINE#6,污穢
FINE#7,罰款＃7
FIRE#1,罰款＃7
FIRE#2,火＃2
FIRE#3,火＃3
FIST,火＃3
FIX#5,修復＃5.
FLAGRANT,明目張膽
FLAW,缺陷
FLED,逃離
FLEE,逃跑
FLEETING,搬家
FLIMSY,脆弱
FLOOR#5,地板＃5
FLOUNDER,比目魚
FOE,比目魚
FOIBLE,敵人
FOOL#1,傻瓜＃1
FOOL#2,傻瓜＃2
FOOLISH,愚蠢
FOOLISHNESS,愚蠢
FORBID,禁止
FORBIDDEN,禁忌
FORCE#3,禁忌
FORCE#5,力＃5.
FORCE#6,力＃6
FOREBODING,不平衡
FOREIGN#2,不平衡
FORFEIT,喪失
FORGETFULNESS,忘記
FORLORN,絕望
FORMIDABLE,絕望
FORSAKE,背叛
FOUGHT,奮鬥
FOUNDER#2,創始人＃2
FRACTURE,創始人＃2
FRAGILE,脆弱的
FRANTIC,瘋狂
FRANTICALLY,瘋狂地
FRAUD,欺詐罪
FRAUDULENT,欺詐罪
FRAUGHT,bucraft.
FREAK,怪物
FRET,煩惱
FRETFUL,煩躁
FRIGHTEN#1,嚇唬＃1
FRIGHTEN#2,嚇唬＃2
FRIGHTEN#3,嚇唬＃3
FRIGHTFUL,可怕
FRIGID,寒冷
FRIVOLOUS,輕浮
FRONT#3,前＃3
FROWN#1,皺眉＃1
FROWN#2,皺眉＃2
FRUITLESS,無果魚
FRUSTRATE#1,挫敗＃1
FRUSTRATE#2,挫敗＃2
FRUSTRATE#3,挫敗＃3
FRUSTRATION,挫折
FUCK,幹
FUGITIVE,逃亡者
FUMBLE,摸索
FUN#2,有趣＃2
FURIOUS,狂怒
FURY,憤怒
FUSS,大驚小怪
FUSSY,挑剔
FUTILITY,無用
GALL,癭
GAMBLE#1,賭博＃1
GAMBLE#2,賭博＃2
GANG,幫派
GANG,黑道
GASH,格甚
GAUDY,格甚
GERM,胚芽
GET#5,得到＃5.
GHASTLY,得到＃5.
GHETTO,貧民區
GLARE,強光
GLOAT,幸災樂禍
GLOOM,愁雲
GLOOMY,陰沉
GLUM,gl
GODDAMN,Goddamn.
GRAB,抓
GRAPPLE,抓鉤
GRATUITOUS,無償
GRAVE#1,墳墓＃1
GRAVE#2,墳墓＃2
GRAVE#3,墳墓＃3
GRAVE#4,墳墓＃4
GRAVE#5,墳墓＃5
GRIEF,悲傷
GRIEVANCE,申訴
GRIEVE,gr
GRIM,gr
GRIZZLY,灰熊
GROTESQUE,怪誕
GROWL,咆哮
GRUDGE,怨恨
GRUFF,粗暴
GRUMBLE,嘰
GUERRILLA,游擊隊
GUILT,有罪
GUILTY,有罪的
GUISE,幌子
GULLIBLE,不苟
GUN,槍
GUNMEN,槍手
HACK,h
HACKNEY,哈克尼
HAG,魔女
HAGGARD,枯槁
HAMPER,枯槁
HAND#6,手＃6.
HANDICAP,障礙
HANG#3,掛＃3
HANG#6,掛＃6
HAPHAZARD,偶然
HAPLESS,倒霉
HARASS,倒霉
HARASSMENT,騷擾
HARD#1,硬＃1
HARD#5,硬＃5.
HARDSHIP,硬＃5.
HARM#1,傷害＃1
HARM#2,傷害＃2
HARMFUL,有害
HARSH,殘酷的
HASSLE,殘酷的
HATE#1,討厭＃1
HATE#2,討厭＃2
HATE#3,討厭＃3.
HATER,恨
HATRED,仇恨
HAUGHTY,傲慢
HAUNT,出沒
HAVOC,蹂躪
HAZARD#1,危險＃1
HAZARD#2,危險＃2
HAZARDOUS,危險
HAZINESS,朦朧
HAZY,朦朧
HEADACHE,頭痛
HEARTLESS,狠心
HECTIC,忙碌
HEDGE,樹籬
HEDONISTIC,
HEEDLESS,he
HEINOUS,滔天
HELL,地獄
HELP#3,幫助＃3
HELPLESS,無助
HELPLESSNESS,無助
HIDEOUS,可怕
HINDER,阻礙
HINDRANCE,障礙
HIT#1,擊中＃1
HIT#4,擊中＃4
HOARD,囤
HOBBLE,蹣跚
HOLE#2,孔＃2
HOLE#3,孔＃3
HOLLOW,空洞的
HOMELY,家常
HOPELESS,絕望
HORDE,部落
HORN#3,喇叭＃3
HORRIBLE,可怕
HORRID,恐懼
HORRIFY,驚嚇
HORROR,恐怖
HOSTILE,敵對.
HOSTILITY,敵意
HOT#6,熱門＃6
HUMILIATE,羞辱
HUMILIATION,屈辱
HUNG#3,掛＃3
HUNGER,飢餓
HUNGRY,飢餓的
HUNT#1,狩獵＃1
HUNT#2,狩獵＃2
HUNT#3,狩獵＃3
HUNTER,獵人
HURT#1,傷害＃1
HURT#2,傷害＃2
HURTFUL,傷害
HUSTLE,喧囂
HUSTLER,騙子
HYPOCRISY,虛偽
HYPOCRITE,偽君子
HYSTERIA,歇斯底里
HYSTERICAL,歇斯底里
IDIOT,歇斯底里
IDIOTIC,傻蛋
IDLENESS,懶惰
IGNOBLE,卑鄙
IGNORANCE,無知
IGNORANT,無知
ILL#1,生病＃1
ILL#2,生病＃1
ILL#3,生病＃2
ILL#4,生病＃4
ILLEGAL,非法的
ILLEGALITY,違法行為
ILLITERATE,
ILLNESS,疾病
ILLOGICAL,不合邏輯
IMMATURE,不成熟
IMMOBILITY,不動
IMMORAL,不道德
IMMORALITY,不道德
IMMOVABLE,不動產
IMPAIR,妨害
IMPASSE,僵局
IMPATIENCE,不耐煩
IMPATIENT,不耐煩
IMPEDE,阻礙
IMPEDIMENT,詛咒
IMPERFECT,詛咒
IMPERSONAL,不完善
IMPETUOUS,非洲人
IMPLICATE,牽伸
IMPLORE,懇求
IMPOSE,強加
IMPRECISION,不確定
IMPRISON,監禁
IMPRISONMENT,監禁
IMPROPER,不當
IMPULSIVE,不當
IMPURE,瑕
IMPURITY,不純
INABILITY,無力
INACCESSIBLE,無力
INACCURACY,不准確
INADEQUATE,不足
INANE,inane.
INCAPABLE,無法
INCESSANT,不停
INCOMPATIBILITY,不相容
INCOMPATIBLE,不相容
INCOMPETENCE,無能為力
INCOMPETENT,無能為力
INCONSISTENCY,不一致
INCONVENIENT,不方便
INCORRECT,不正確
INCREDIBLE,極好的
INCURABLE,inc
INDECENT,猥褻
INDEFINITE,不定
INDETERMINABLE,不確定
INDETERMINATE,不定
INDICTMENT,起訴書
INDIFFERENCE,漠不關心
INDIFFERENT,冷漠
INDIGNATION,憤慨
INDULGE,憤慨
INEFFECTIVE,無效
INEFFECTIVENESS,無效
INEFFECTUAL,無效
INEFFECTUALNESS,無效
INEFFICIENCY,無效
INEQUALITY,不等式
INEXACT,不精確
INEXPLICABLE,莫名其妙
INFAMOUS,莫名其妙
INFECT,感染
INFECTION,感染
INFERIOR,下
INFERIORITY,自卑
INFEST,inf
INFILTRATION,浸潤
INFLAME,發炎
INFLATION,通貨膨脹
INFLATION,通膨
INFLICT,造成
INFRACTION,違規行為
INFRINGEMENT,侵權
INFURIATE,激怒
INGRATITUDE,凝視性
INHIBIT,抑制
INHIBITION,抑制
INHUMANE,不人道
INJUNCTION,禁令
INJURE,損傷
INJURIOUS,損傷
INJURY,受傷
INSANE,瘋狂的
INSECURE,不安全
INSECURITY,不安全
INSENSIBLE,不安全
INSIDIOUS,陰險
INSIGNIFICANT,微不足道
INSINUATE,暗示
INSOLENCE,傲慢
INSOLENT,腐敗性
INSTABILITY,不穩定
INSTABLE,穩定
INSUFFICIENCY,不足
INSUFFICIENT,不足的
INSULT,不足的
INTERFERE,
INTERFERENCE,干涉
INTERRUPT,打斷
INTERRUPTION,中斷
INTERVENTION,干涉
INTIMIDATE,威嚇
INTOLERABLE,無法忍受
INTOXICATE,醉人
INTRUDE,侵入
INTRUDER,入侵者
INTRUSION,侵入
INUNDATE,氾濫
INUNDATED,氾濫
INVADE,入侵
INVALID,無效的
INVISIBLE,無形的
INVOLUNTARY,不自主
INVOLVE#5,涉及＃5
IRK,伊爾克
IRON#3,鐵＃3
IRON#5,鐵＃5
IRONIC,諷刺
IRONY,諷刺
IRRATIONAL,非理性
IRREGULAR,不規律的
IRREGULARITY,不規則
IRRESPONSIBLE,不負責任
IRRITABLE,煩躁
IRRITATION,刺激
ISOLATE#1,孤立＃1
ISOLATE#2,孤立＃2
JAIL#1,監獄1
JAIL#2,監獄＃2
JAR#2,罐子＃2
JEER,嘲笑
JEOPARDIZE,危害
JEOPARDY,危險
JERK#1,傑克＃1
JERK#2,傑克＃2
JITTERY,抖動
JOBLESS,失業
JOKE#1,笑話＃1
JOKE#2,笑話＃2
JOKE#3,玩笑
JUMPY,跳躍
JUNK,跳躍
KICK#1,踢＃1
KICK#3,踢＃3.
KICK#4,踢＃4.
KIDNAP,踢＃4.
KILL#1,殺死＃1
KILL#2,殺死＃2
KILLER,殺手
KNIFE#2,刀＃2
KNOCK#1,敲＃1
KNOCK#2,敲＃2
KNOCK#3,敲＃3.
LACK#1,缺少＃1
LACK#2,缺少＃2
LACK#3,缺少＃3
LAG,落後
LAID#2,
LAME,瘸
LAMENT,哀嘆
LAMENTABLE,可悲的
LANGUISH,憔悴
LAPSE,流逝
LAUGH#3,笑＃3.
LAWLESS,律
LAY#3,放置＃3
LAZILY,懶洋洋
LAZY,懶惰的
LEAK,洩漏
LEAKAGE,洩漏
LIABILITY,責任
LIABLE,容易
LIAR,說謊者
LIE#2,謊言＃2
LIE#3,謊言＃3
LIFELESS,生氣
LIMIT#2,限制＃2
LIMIT#3,限制＃3
LIMIT#4,限制＃4
LIMITATION,局限性
LIMP,跛行
LIQUIDATE,清算
LIQUIDATION,清算
LITTER,垃圾
LOAD#3,加載＃3
LONE#1,孤立＃1
LONELINESS,寂寞
LONELY,孤獨
LONER,寂寞
LONESOME,寂寞
LOOM,lo
LOSE#1,
LOSE#2,丟失＃2
LOSER,失敗者
LOSS,失利
LOST#1,丟失＃1
LOST#2,丟失＃2
LOST#3,丟失＃3
LOST#4,丟失＃4.
LOVELESS,無愛
LOW#1,低＃1
LOW#2,低＃2
LOWER#1,較低的＃1
LOWLY,低
LUDICROUS,滑稽的魅力
LULL,麻痺
LUNATIC,瘋子
LURE,餌
LURK,潛伏
LYING#2,躺著＃2
LYING#3,躺著＃3
MAD#1,瘋了＃1
MAD#2,瘋了＃2
MADMAN,瘋了＃2
MADNESS,狂人
MAKE#2,製作＃2
MALADJUSTED,maladjusted.
MALADJUSTMENT,不適應
MALADY,弊病
MALICE,惡意
MALICIOUS,惡意
MALIGNANT,mal
MANGLE,man
MANIPULATE,操縱
MANIPULATION,操縱
MANSLAUGHTER,過失殺人罪
MAR#1,Mar＃1
MAR#2,Mar＃2
MARGINAL,邊緣
MASSACRE,屠殺
MATTER#5,物質＃5
MEAGER,微薄
MEAN#2,意思是＃2
MEANINGLESS,無意義的
MEDDLE,插手
MEDIOCRE,平庸
MEEK,溫順
MELANCHOLY,憂鬱
MELODRAMATIC,melodramatic.
MENACE,威脅
MENIAL,妖言
MERCILESS,無情
MESS#1,混亂＃1
MESS#2,混亂＃2
MIND#9,心靈＃9
MINE#3,我的＃3
MISBEHAVE,行為不端
MISBEHAVIOR,不當行為
MISCHIEF,惡作劇
MISCHIEVOUS,惡作劇
MISER,吝嗇鬼
MISERABLE,悲慘的
MISERY,苦難
MISFORTUNE,不幸
MISHANDLE,默迪爾
MISHAP,誤區
MISINFORM,誤導
MISINFORMED,誤導
MISLEAD,誤導
MISREPRESENT,歪曲
MISS#1,小姐＃1
MISTAKE#1,錯誤＃1
MISTAKE#2,錯誤＃2
MISTAKE#3,錯誤＃3
MISTAKEN,錯誤
MISTRUST,不信任
MISUNDERSTAND,誤解
MISUNDERSTANDING,誤解
MISUNDERSTOOD,誤解了
MISUSE,濫用
MIX#3,混合＃3
MOAN,呻吟
MOCK,呻吟
MOCKERY,嘲弄
MOLEST,騷擾
MONOTONOUS,單調
MONOTONY,單調
MONSTER,怪物
MONSTROUS,滔天
MOODY,喜怒無常
MORTIFY,喜怒無常
MOTIONLESS,一直
MOTLEY,雜色
MOURN#1,哀悼＃1
MOURN#2,哀悼＃2
MOURNER,哀悼
MUDDLE,糊塗
MUDDY,渾
MUMBLE,咕噥
MUNDANE,俗人
MURDER#1,謀殺＃1
MURDER#2,謀殺＃2
MURDEROUS,殺氣
MURKY,朦朧
MUTTER,咕嚕咕嚕
MYSELF>#3,我自己>＃3
NAG#2,nag＃2
NAIVE,幼稚的
NASTY,討厭
NAUGHTY,淘氣
NEBULOUS,朦朧的
NEED#1,需要＃1
NEED#2,需要＃2
NEED#3,需要＃3.
NEEDLE#2,針＃2
NEEDY,窮人
NEGATE,否定
NEGATION,否定
NEGATIVE,消極的
NEGATIVE,消極
NEGLECT#1,忽視＃1
NEGLECT#2,忽視＃2
NEGLIGENCE,疏忽
NEGLIGENT,疏忽
NERVOUS,緊張的
NERVOUSNESS,緊張
NEUROTIC,神經質
NEUTRALIZE,中和
NIGHTMARE,惡夢
NIX,NIX.
NOISE,噪音
NONCHALANT,non
NONSENSE,廢話
NOSEY,愛管閒事
NOTORIOUS,臭名昭著
NOVICE,新手
NUISANCE,滋擾
NULLIFICATION,滋擾
NULLIFY,無效
NUMB,麻木的
NUTS,堅果
OBJECT#3,對象＃3
OBJECTION,對象＃3
OBLIQUE,斜
OBLITERATE,泯
OBNOXIOUS,討厭
OBSCURE,朦朧
OBSOLETE,過時的
OBSTACLE,障礙
OBSTINATE,頑固
OBSTRUCT,阻礙
OBSTRUCTION,梗阻
ODD,奇怪的
ODDITY,奇怪
OFFEND,得罪
OFFENDER,得罪
OFFENSIVE,進攻
OMINOUS,進攻
OMISSION,省略
OMIT,忽略
OPINIONATED,自以為是
OPPONENT,對手
OPPOSE#1,反對＃1
OPPOSE#2,反對＃2
OPPOSE#3,反對＃3
OPPOSITION,反對
OPPRESS,壓迫
OPPRESSION,壓迫
OPPRESSIVE,壓抑
ORDEAL,考驗
ORDER#8,訂單＃8
ORPHAN,孤兒
OSTRACIZE,放逐
OUST,OUST
OUTBREAK,爆發
OUTBURST,爆發
OUTCAST,拋棄
OUTCRY,out
OUTLAW,取締
OUTRAGE,暴行
OUTRAGEOUS,憤怒
OUTSIDER,局外人
OVERBEARING,霸道
OVERFLOW,溢出
OVERLOOK,溢出
OVERPOWER,壓倒
OVERRUN,超支
OVERSIGHT,督導
OVERTHROW,推翻
OVERTURN,顛覆
OVERWHELMING,壓倒
OVERWORKED,過度勞累
OWE,欠
PAIN,疼痛
PAINFUL,痛苦
PALTRY,痛苦
PANDEMONIUM,Pandemonium.
PANIC,恐慌
PARALYSIS,麻痺
PARALYZED,癱瘓
PARANOID,偏執狂
PARASITE,寄生蟲
PARTICULAR#2,寄生蟲
PARTITION,劃分
PASS#8,通過＃8
PASS#_10,通過＃_10
PASS#_13,通過＃_13.
PASSE,帕斯佩
PATHETIC,可憐的
PATRONIZE,光顧
PECULIAR,奇特
PERIL,危險
PERILOUS,危險的
PERISH,淪
PERPLEX,困擾
PERPLEXITY,困惑
PERSECUTE,迫害
PERSECUTION,迫害
PERTURB,擾動
PERVERSE,歪略
PERVERT,per
PESSIMISM,悲觀主義
PESSIMISTIC,悲觀
PEST,害蟲
PETTY,小氣
PHOBIA,恐怖症
PICK#3,挑選＃3.
PIECE#4,一塊＃4
PINCH#1,捏＃1
PINCH#2,捏＃2
PITIFUL,可憐
PITILESS,無情
PLAGUE#1,瘟疫＃1
PLAGUE#2,瘟疫＃2
PLAINTIFF,原告
PLIGHT,困境
PLOD,pl
PLOT#2,情節＃2
POINT#6,點＃6
POINTLESS,無意義
POISON,毒
POISONOUS,有毒
POLLUTE,污染
POLLUTION,污染
POMPOUS,p
POOR#1,窮人＃1
POOR#2,窮人＃2
POOR#3,窮人＃3
POOR#4,窮人＃4
POOR#5,窮人＃5
POOR#6,窮人＃6
POUND#2,磅＃2
POUT,噘
POVERTY,貧困
POWERLESS,無力
PRECARIOUS,岌岌可危
PRECIPITATE,沉澱
PREDICAMENT,困境
PREJUDICE,偏見
PREJUDICIAL,偏見
PREPOSTEROUS,荒謬
PRESS#4,按＃4
PRESUMPTUOUS,放肆
PRETEND,假裝
PRETENSE,虛偽
PRETENTIOUS,自命不凡
PRISON#1,監獄1
PRISON#2,監獄＃2
PRISONER,監獄＃2
PROBLEM,問題
PROCRASTINATE,拖延
PROCRASTINATION,拖延
PROD,prod
PROHIBIT,禁止
PROHIBITION,禁止
PROHIBITIVE,pro
PROPAGANDA,宣傳
PROSECUTION,起訴
PROTEST#1,抗議＃1
PROTEST#2,抗議＃1
PROVOCATION,抗議＃2
PROVOKE,惹
PROWL,徘徊
PRY,撬
PUNCH,沖床
PUNISH,懲治
PUNY,弱小
PUZZLEMENT,怪胎
QUALM,疑慮
QUANDARY,困惑
QUARREL#1,爭吵＃1
QUARREL#2,爭吵＃1
QUARRELSOME,爭吵
QUEER,奇怪
QUESTIONABLE,奇怪
QUIBBLE,狡辯
QUIT,放棄
QUITTER,Quitter.
RACE#4,賽事＃4
RADICAL,激進的
RAGE,激進的
RAID,襲擊
RAISE#5,籌集＃5.
RAMBLE,漫談
RAMPANT,漫談
RASCAL,
RASH,皮疹
RAT,鼠
RATION,配給
RATTLE#2,撥浪鼓＃2
RAVAGE,蹂躪
REACTIONARY,反動
REACTIVE,反應
REBEL#1,反叛＃1
REBEL#2,反叛＃2
REBELLION,叛亂
REBELLIOUS,叛逆
REBUFF,回絕
REBUKE,訓斥
REBUT,駁斥
RECALCITRANT,頑抗
RECEDE,重申
RECESSION,經濟衰退
RECKLESS,衰退
RECKLESSNESS,魯莽
RECOIL,畏縮
REDUNDANCY,畏縮
REDUNDANT,冗餘
REFRAIN,避免
REFUGEE,難民
REFUSAL,拒絕
REFUSE#1,拒絕＃1
REGARDLESS,而不管
REGRESS,回歸
REGRESSION,回歸
REGRET#1,後悔＃1
REGRET#2,後悔＃2
REGRETTABLE,令人遺憾的是
REJECT,
REJECTION,拒絕
RELAPSE,復發
RELUCTANT,不情願的
REMORSE,悔恨
REMOVE,移除
RENOUNCE,放棄
RENUNCIATION,放棄
REPEAL,放棄
REPREHENSIBLE,譴責
REPRESS,抑
REPROACH,責備
REPUDIATE,否認
REPUGNANT,rep
REPULSE,擊退
REPULSIVE,醜惡
RESENT,怨恨
RESENTFUL,不滿
RESENTMENT,怨恨
RESIGNATION,怨恨
RESTLESS,不安
RESTLESSNESS,煩躁不安
RESTRICT#1,限制＃1
RESTRICT#2,限制＃2
RESTRICT#3,限制＃3
RESTRICTION,限制
RETALIATE,報復
RETARD,減速
RETIRE,退休
RETREAT#1,撤退＃1
RETREAT#2,撤退＃2
REVENGE,復仇
REVERT,恢復
REVOKE,撤銷
REVOLT,反叛
REVOLUTION,革命
RID,擺脫
RIDE#3,騎＃3.
RIDICULE#1,嘲笑＃1
RIDICULE#2,嘲笑＃2
RIDICULOUS,荒謬的
RIGID,死板的
RIGOR,嚴格
RIGOROUS,嚴格的
RIP#1,RIP＃1
RIP#2,RIP＃2
RISKY,有風險
RIVAL#1,競爭對手＃1
RIVAL#2,競爭對手＃2
RIVALRY,對抗
ROBBER,強盜
ROBBERY,搶劫
ROGUE,流氓
ROOT#4,根＃4
ROT,腐爛
ROTTEN,爛
ROUGH#1,粗糙＃1
ROUGHNESS,粗糙
ROUNDABOUT,迂迴
RUBBISH,垃圾
RUDE,無禮
RUE,後悔
RUFFIAN,痞子
RUIN#1,毀滅＃1
RUIN#2,毀滅＃2
RUIN#3,毀滅＃3.
RUIN#4,毀滅＃4.
RUINOUS,毀滅＃4.
RUMOR,謠言
RUMPLE,皺檔
RUNAWAY,逃跑
RUPTURE#1,破裂＃1
RUPTURE#2,破裂＃2
RUSTY,生鏽
RUTHLESS,無情
RUTHLESSNESS,無情
SABOTAGE,無情
SAD,傷心
SADNESS,悲傷
SAG,s
SANK,s
SAP,樹液
SARCASM,諷刺
SARCASTIC,諷刺
SAVAGE,野蠻的
SCALD,燙傷
SCANDAL,醜聞
SCANDALOUS,誹謗
SCAPEGOAT,替罪羊
SCAR,瘢痕
SCARCITY,缺乏
SCARE#1,恐慌＃1
SCARE#2,恐慌＃1
SCARED#1,害怕＃1
SCARED#2,害怕＃2
SCARY,害怕
SCHEME#1,方案＃1
SCHEME#2,計劃＃2
SCOFF,嘲笑
SCOLD#1,罵＃1
SCOLD#2,罵＃2
SCOLD#3,責罵
SCORCH,燒焦
SCORN,輕蔑
SCORNFUL,輕蔑
SCOUNDREL,惡棍
SCOWL,皺眉頭
SCRAPE,刮
SCREAM#1,尖叫＃1
SCREAM#2,尖叫＃2
SCREECH#1,尖叫＃1
SCREECH#2,尖叫＃2
SCREW#2,螺絲＃2
SCRUTINIZE,仔細審查
SCUFFLE,sc
SCUM,浮渣
SECEDE,浮渣
SECESSION,分裂
SECRECY,保密
SECRET,秘密
SEDENTARY,久坐
SEETHE,沸騰
SEGREGATION,分離
SEIZE,搶占
SELFISH,自私
SELFISHNESS,自私
SENILE,衰老
SENSELESS,毫無意義
SENTENCE#2,毫無意義
SEQUESTER,螯合
SERVITUDE,奴役
SEVER,斷絕
SEVERE,嚴重的
SEVERITY,嚴重程度
SHABBY,破舊
SHADOW#2,陰影＃2
SHADY,陰涼
SHAGGY,毛茸茸
SHAKE#1,搖晃＃1
SHALLOW,淺
SHAME,恥辱
SHAMEFUL,可恥
SHAMELESS,不要臉
SHARK,鯊魚
SHELL#2,殼＃2
SHELL#3,殼＃2
SHIPWRECK,沉船
SHIRK,推脫
SHIVER,發抖
SHOCK#1,發抖
SHOCK#2,震驚＃2
SHOCK#3,震驚＃3
SHOCK#4,震驚＃4
SHOCK#5,震驚＃5
SHODDY,冒險
SHOOT#1,射擊＃1
SHOOT#3,射擊＃3
SHOOT#6,射擊＃6
SHORT#5,短＃5
SHORTAGE,短缺
SHORTCOMING,缺點
SHORTSIGHTED,短視
SHOT#1,拍攝＃1
SHOVE,推
SHOW#4,顯示＃4
SHRED,撕碎
SHREW,潑婦
SHRIEK,尖叫
SHRILL,尖銳
SHRIVEL,萎縮
SHROUD,裹屍布
SHRUG#1,聳肩＃1
SHRUG#2,聳肩＃2
SHUN,sh
SHYNESS,sh
SICK#1,生病＃1
SICK#2,生病＃2
SICK#3,生病＃2
SICK#4,生病＃4
SICKLY,病
SICKNESS,疾病
SIEGE,圍城
SILLY,愚蠢的
SIMPLISTIC,簡單化
SIN#1,SIN＃1
SIN#2,SIN＃2
SINFUL,罪惡
SINISTER,險惡
SKEPTICAL,懷疑
SKETCHY,粗略
SKIRMISH,小衝突
SKULK,sk
SLAM,sl
SLANDER,誹謗
SLANDERER,誹謗者
SLANDEROUS,誹謗
SLAP,拍擊
SLASH,削減
SLAUGHTER,屠宰
SLAYER,殺手
SLEAZY,殺手
SLEEPLESS,失眠
SLIGHT#2,輕微＃2
SLIGHT#3,輕微＃2
SLIGHT#4,輕微＃4
SLIGHT#5,輕微＃5
SLIME,粘液
SLOPPY,邋遢
SLOTH,懶惰
SLOTHFUL,懶惰
SLUG,sl
SLUGGISH,遲緩
SLUMP,暴跌
SLY,狡猾
SMACK,咂
SMASH#1,粉碎＃1
SMASH#2,粉碎＃2
SMEAR,塗抹
SMOTHER,塗抹
SMUGGLE,走私
SNARE,圈套
SNARL,咆哮
SNATCH,搶奪
SNEAK,潛行
SNEER,冷笑
SNORE,鼾
SOB,哭泣
SOMBER,som
SORE,瘡
SORENESS,疼痛
SORROW,悲哀
SORROWFUL,悲傷
SORRY#1,對不起＃1
SORRY#2,對不起＃2
SORT#3,排序＃3
SOUR,酸的
SPANK,拍打
SPEAR#2,矛＃2
SPILL,灑
SPINSTER,旋轉
SPITE#2,刺激＃2
SPITEFUL,惡意
SPLIT#3,分裂＃3
SPOIL,贓物
SPOT#5,斑點＃5
SPRAIN,扭傷
SPUTTER,濺射
SQUANDER,揮霍
STAB,刺
STAGNANT,停滯不前
STAIN,弄髒
STALE,陳舊
STALEMATE,僵局
STAMMER,結巴
STAMP#2,郵票＃2
STANDSTILL,停頓
STARK,st
STARTLE,驚嚇
STARVATION,飢餓
STARVE,飢餓
STATIC,靜止的
STEAL#1,偷＃1
STEAL#2,偷＃2
STERN,嚴厲
STICK#6,棒6
STIFLE,窒息
STIGMA,柱頭
STING,柱頭
STINK,臭
STOLE,偷竊
STOLEN#1,盜取
STOLEN#2,被盜＃2
STORM#2,風暴＃2
STORMY,風雨如磐的
STRAGGLE,落伍
STRAGGLER,落後
STRAIN#1,菌株＃1
STRAIN#2,菌株＃2
STRANGLE,扼殺
STRAY,流浪
STRESS#1,壓力＃1
STRESS#2,壓力＃2
STRICKEN,災害
STRICT#1,嚴格＃1
STRICT#2,嚴格＃2
STRICT#3,嚴格＃3
STRIFE,紛爭
STRIKE#1,罷工＃1
STRIKE#5,罷工＃5
STRINGENT,嚴格
STRUCK#1,擊中＃1
STRUGGLE#1,擊中＃1
STRUGGLE#2,鬥爭＃2
STRUGGLE#3,鬥爭＃3
STUBBORN,固執的
STUBBORNLY,頑固地
STUBBORNNESS,頑固
STUFFY,悶
STUNT,特技
STUPID#1,愚蠢的＃1
STUPID#2,愚蠢的＃2
STUPID#3,愚蠢的＃2
STUPIDITY,愚蠢
STUPOR,昏迷
SUBJECTION,隸屬
SUBJUGATE,征服
SUBJUGATION,征服
SUBMISSIVE,提交
SUBSERVIENCE,屈從
SUBSIDE,塌陷
SUBSTITUTION,代換
SUBTRACT,減去
SUBVERSION,顛覆
SUBVERT,顛覆
SUCCUMB,顛覆
SUCKER,吸盤
SUFFER#1,遭受＃1
SUFFER#3,遭受＃3.
SUFFERER,患者
SUFFOCATE,窒息
SULLEN,憂鬱
SUNDER,曬太陽
SUPERFICIAL,淺
SUPERFICIALITY,膚淺
SUPERFLUOUS,多餘
SUPERSTITION,迷信
SUPERSTITIOUS,迷信
SUPPRESS,壓制
SUPPRESSION,抑制
SUSCEPTIBLE,抑制
SUSPECT#1,懷疑＃1
SUSPECT#2,懷疑＃2
SUSPEND,中止
SUSPENSION,暫停
SUSPICION,暫停
SUSPICIOUS,可疑的
SWEAR,發誓
SWORE,sw
SYMPTOM,症狀
TABOO,忌諱
TAINT,污點
TAMPER,篡改
TANTRUM,篡改
TARDY,遲遲
TARIFF,關稅
TATTER,破爛
TAUNT#1,嘲諷＃1
TAUNT#2,嘲諷＃2
TAX#2,稅
TEAR#1,眼淚
TEAR#3,撕毀
TEASE,捉弄
TEDIOUS,乏味
TEMPER#1,火氣
TEMPEST,暴風雨
TEMPORARILY,暫時地
TEMPTATION,誘惑
TENSE,緊張
TENSION,緊張
TERRIBLE,糟糕的
TERRIFY,嚇人
TERROR,恐怖
TERRORISM,恐怖主義
TERRORIZE,恐怖主義
THEFT,盜竊
THIEF,賊
THIRST,口渴
THIRSTY,渴
THORNY,棘手
THOUGHTLESS,毫無意義
THRASH,毫無意義
THREAT,威脅
THREATEN,威脅
THROW#2,扔＃2
THROW#3,扔＃3.
THUD,thud.
THWART,阻撓
TIMIDITY,膽怯
TIRE#2,輪胎＃2
TIRE#3,輪胎＃3
TIRE#4,輪胎＃4
TIRED#1,累了＃1
TIRED#2,累了＃2
TIRED#3,累了＃3
TIRED#4,累了＃4
TIRESOME,厭倦
TOIL,厭倦
TOLERABLE,可容忍的
TOPPLE,倒出
TORMENT,折磨
TORRENT,激流
TORTUROUS,摩托車
TOUCHY,touch
TRAGEDY,
TRAGIC,悲慘
TRAITOR,叛徒
TRAMP,流浪漢
TRAMPLE,流浪漢
TRANSGRESS,違規
TRAP#1,陷阱＃1
TRAP#2,陷阱＃2
TRAUMA,創傷
TRAUMATIC,創傷
TREACHEROUS,奸詐
TREACHERY,背信棄義
TREASON,叛國
TREASONOUS,叛國
TRESPASS,侵入
TRICK#1,欺騙＃1
TRICK#2,欺騙＃2
TRIVIAL,不重要的
TROUBLE#1,麻煩＃1
TROUBLE#2,麻煩＃1
TROUBLE#3,麻煩＃3
TROUBLE#4,麻煩＃4
TROUBLESOME,麻煩
TRUANT,逃學
TRUDGE,跋涉
TRY#4,嘗試＃4
TRY#5,嘗試＃5
TURBULENT,
TURMOIL,動盪
TURN#5,轉了＃5.
TURN#8,轉＃8.
TWITCH,轉＃8.
TYRANNY,暴政
UGLY,醜陋的
ULTIMATUM,終極原則
UNACCUSTOMED,不習慣
UNARM,義
UNATTRACTIVE,沒有吸引力
UNAUTHENTIC,未真實
UNAVOIDABLE,不可避免的
UNBEARABLE,難以忍受的
UNBELIEVABLE,難以置信的
UNCIVIL,非醋通透明
UNCLEAN,不潔淨
UNCLEAR,不清楚
UNCOMFORTABLE,不舒服
UNCOUTH,粗野
UNDEPENDABILITY,不可靠
UNDEPENDABLE,不可依賴
UNDERMINE,破壞
UNDERWORLD,地獄
UNDESIRABLE,不受歡迎的
UNDID,und
UNDIGNIFIED,不核化
UNDO,撤消
UNDONE,撤消
UNDUE,und
UNEASINESS,不安
UNEASY,不安
UNECONOMICAL,不經濟
UNEMPLOYED,失業者
UNEQUAL,不等
UNEVEN,不均勻的
UNEXPECTEDLY,不料
UNFAIR,不公
UNFAITHFUL,不忠
UNFAMILIAR,陌生
UNFAVORABLE,不利
UNFEELING,unf
UNFIT,不合適
UNFORESEEN,意外
UNFORTUNATE#1,不幸的是＃1
UNFORTUNATE#2,不幸的是＃2
UNFORTUNATE#3,不幸的是＃3
UNFRIENDLY,不幸的是＃3
UNGRATEFUL,忘恩負義
UNGUARDED,毫無防備
UNHAPPINESS,不快
UNHAPPY,不快
UNHEALTHY,不良
UNIMPORTANT,不重要
UNINFORMED,不知情
UNJUST,不公
UNJUSTIFIED,不合理的
UNKIND,刻薄
UNLAWFUL,非法
UNLUCKY,非法
UNMOVED,沒有動漫的
UNNATURAL,不自然
UNNECESSARY,不必要
UNNERVE,不安
UNNOTICED,沒有註意到
UNOBSERVED,不觀察到
UNPLEASANT,不愉快
UNPOPULAR,不受歡迎
UNPROFITABLE,無利可圖
UNQUALIFIED,不合格
UNREASONABLE,不合理
UNRELIABILITY,不可靠性
UNRELIABLE,不可靠
UNREST,動盪
UNRULY,不羈
UNSAFE,uns
UNSATISFACTORY,不滿意
UNSCRUPULOUS,uns
UNSEEN,看不見
UNSETTLING,uns
UNSOUND,不合作
UNSPEAKABLE,無法形容
UNSTABLE,不穩定
UNSTEADINESS,不穩定
UNSTEADY,不穩定
UNSUCCESSFUL,
UNTIMELY,不成功
UNTRAINED,未經訓練
UNTRUE,不真實
UNTRUSTWORTHY,不值得信任
UNTRUTH,謊言
UNWILLING,不願意
UNWILLINGNESS,不願意
UNWISE,失策
UNWORTHY,不值得的
UPHEAVAL,動盪
UPRISING,起義
UPROAR,嘩然
UPROOT,剷除
UPSET#1,生氣＃1
UPSET#2,生氣＃2
UPSET#3,沮喪＃3
UPSET#4,生氣＃4
UPSET#5,生氣＃5
USELESS,無用
USURP,篡
UTTERANCE,發聲
VAGABOND,Vagabond.
VAGRANT,流浪漢
VAGUE,模糊的
VAGUENESS,模糊
VAIN,徒勞的
VANISH,消失
VANITY,虛榮
VEHEMENT,慷慨
VENGEANCE,復仇
VENOM,毒液
VENOMOUS,有毒
VETO,否決
VEX,煩惱
VEXATION,煩惱
VEXING,煩惱
VICE#1,惡
VICE#2,瑕疵
VICIOUS,副＃1
VIE,爭奪
VILE,邪惡
VILLAIN,惡棍
VIOLATE,違反
VIOLATION,違反
VIOLENCE,暴力
VIOLENT,暴力
VIPER,毒蛇
VOID,空白
VOLATILE,易揮發的
VOLATILITY,揮發性
VOMIT,揮發性
VULGAR,庸俗
WAIL,哀號
WAIT#4,等待＃4.
WALLOW,泥坑
WANE,w
WANTON,放肆
WAR,放肆
WARFARE,戰爭
WARLIKE,好戰
WARP,經
WARY,w
WASTE#1,廢物＃1
WASTE#2,垃圾＃2
WASTEFUL,浪費
WASTEFULNESS,浪費
WAYWARD,任性的
WEAKEN,削弱
WEAR#2,穿＃2
WEARINESS,疲勞
WEARISOME,佩戴
WEED,菸草
WEED,大麻
WEEP,雜草
WEIRD,奇怪的
WENCH,w
WHACK,wh
WHIMPER,嗚咽
WHINE,抱怨
WHIP#1,鞭打＃1
WHIP#2,鞭打＃2
WHIP#3,鞭打＃3
WICKED,邪惡
WICKEDNESS,邪惡
WILD#1,邪惡
WILD#2,野生＃2
WILD#3,瘋狂的
WILD#4,瘋狂
WILT,枯萎
WILY,狡猾的
WINCE,Wince.
WITCHCRAFT,巫術
WITHHELD,扣留
WITHHOLD,扣壓
WOE,w
WOEFUL,悲傷
WORN#2,舊
WORN#3,磨損
WORRIER,穿＃3
WORRY#1,擔心＃1
WORRY#2,擔心＃2
WORRY#3,擔心＃3
WORRY#4,擔心＃4
WORRY#5,擔心＃5
WORSE,更差
WORSEN,惡化
WORST,惡化
WORTHLESS,毫無價值
WOUND#1,傷口＃1
WOUND#3,傷口＃1
WOUND#5,傷口＃5
WRATH,憤怒
WRECK,破壞
WRESTLE,搏鬥
WRETCH,wr
WRETCHEDNESS,可憐的
WRINKLE,皺紋
WRITHE,皺紋
WRONG#2,錯誤＃2
WRONG#3,錯誤＃3
WRONGFUL,錯誤
WROUGHT,錯誤
YAWN,打哈欠
YEARN,覬覦
YELP,喊叫
A,泡沫
B,看空
c,利空
d,不利
e,投機
f,詐騙
g,被騙
h,騙局
i,駭客
j,公園
k,韭菜
l,限制
m,不便
n,破產
o,賠錢
p,倒閉
q,損失
r,淨損失
s,淨損
t,虧損
u,淨虧損
v,總損失
w,套牢
x,跌
y,暴跌
z,崩落
aa,風險
ab,壓力
ac,回調
ad,回測
ae,過熱
af,下挫
ag,恐慌
ah,賣出
ai,打擊
aj,打壓
ak,禁止
al,逃亡
am,逃命
an,清倉
ao,清空
ap,封鎖
aq,犯罪
ar,嫌犯
as,違法
at,洗錢
au,炒作
av,波動
ax,做空
ay,熊市
ba,屠殺
bb,血流成河
bc,大跌
bd,黑客
be,漏洞
bf,嚴重
bg,盜
bh,跌幅
bi,蒸發
bj,尾聲
bk,撤離
bl,結束
bm,輸家