Positive,pos_chi
ABIDE,堅持
ABILITY,能力
ABLE,有能力的
ABOUND,盛產
ABSOLVE,開脫
ABSORBENT,吸收劑
ABSORPTION,吸收
ABUNDANCE,豐富
ABUNDANT,豐富
ACCEDE,加入
ACCENTUATE,突出
ACCEPT,接受
ACCEPTABLE,可接受的
ACCEPTANCE,驗收
ACCESSIBLE,無障礙
ACCESSION,加入
ACCLAIM,歡呼
ACCLAMATION,鼓掌
ACCOLADE,assholade.
ACCOMMODATE,容納
ACCOMMODATION,住宿
ACCOMPANIMENT,伴奏
ACCOMPLISH,完成
ACCOMPLISHMENT,成就
ACCORD#2,雅閣＃2
ACCORD#3,雅閣＃3
ACCORD#5,雅閣＃5
ACCORDANCE,根據
ACCOUNTABLE,責任
ACCRUE,累積
ACCURACY,準確性
ACCURATE,準確的
ACCURATENESS,準確性
ACHIEVE,達到
ACHIEVEMENT,成就
ACKNOWLEDGEMENT,承認
ACQUAINT,熟悉
ACQUAINTANCE,熟人
ACQUIT,
ACQUITTAL,開釋
ACTUAL#1,實際＃1
ACTUAL#2,實際＃2
ACTUALITY,現實
ADAMANT,ad
ADAPTABILITY,適應性
ADAPTABLE,適應
ADAPTATION,適應
ADAPTIVE,自適應
ADEPT,嫻熟
ADEPTNESS,嫻熟
ADEQUATE,足夠的
ADHERENCE,堅持
ADHERENT,堅持
ADHESION,粘附
ADHESIVE,粘合劑
ADJUNCT,附件
ADJUST#2,調整＃2
ADJUSTABLE,可調節的
ADJUSTMENT,調整
ADMIRABLE,adm
ADMIRATION,欽佩
ADMIRE,欽佩
ADMIRER,愛慕者
ADMIT#1,承認＃1
ADMIT#2,承認＃2
ADMIT#3,承認＃3
ADMITTANCE,准入
ADORABLE,可愛
ADORE,崇拜
ADORN,裝飾
ADORNMENT,裝飾
ADROIT,adroit.
ADROITLY,巧妙
ADULATION,ad
ADULT#2,成人＃2
ADVANCE#1,進步＃1
ADVANCE#2,前進＃2
ADVANCE#3,進步＃3
ADVANCEMENT,進步
ADVANTAGE,優勢
ADVANTAGEOUS,有利
ADVENT,來臨
ADVENTURESOME,冒險
ADVENTUROUS,冒險
ADVISABLE,建議
ADVOCACY,倡導
AFFABILITY,親切
AFFABLE,寶
AFFECTION,感情
AFFECTIONATE,親熱
AFFILIATE,聯盟
AFFILIATION,聯繫
AFFINITY,親和力
AFFIRM,確認
AFFIRMATION,肯定
AFFIRMATIVE,肯定
AFFIX,詞綴
AFFLUENCE,富裕
AFFLUENT,富裕
AFLOAT,漂浮
AGGREGATE,總計的
AGGREGATION,聚合
AGILE,敏捷
AGILITY,敏捷
AGREEABLE,合適的
AGREEMENT,協議
AID#1,援助＃1
AID#2,援助＃2
ALERTNESS,警覺
ALIGHT,al
ALIVE,活
ALLEGIANCE,忠誠
ALLEVIATE,減輕
ALLIANCE,聯盟
ALLIED,盟國
ALLIES,盟國
ALLOW#1,允許＃1
ALLOWABLE,允許
ALLOWANCE,津貼
ALLURE,引誘
ALLY#1,盟友＃1
ALMIGHTY,全能
ALTRUISTIC,利他主義
AMAZEMENT,驚喜
AMAZING,驚人
AMELIORATE,改善
AMENABLE,可用
AMENITY,舒適
AMIABILITY,和藹
AMIABLE,可親
AMICABLE,友好
AMNESTY,大赦
AMOUR,戀情
AMPLE,充足
AMPLIFY,放大
AMPLY,放心
AMUSE,娛樂
AMUSEMENT,娛樂
ANGEL,天使
ANGELIC,天使
ANOINT,塗鴉
APOCALYPSE,天啟
APPEAL#3,上訴＃3
APPEASE,安撫
APPEND,附加
APPLAUD,鼓掌
APPLAUSE,掌聲
APPOINT#1,任命＃1
APPOINT#2,任命＃2
APPRECIABLE,可觀
APPRECIATE,欣賞
APPRECIATION,欣賞
APPRECIATIVE,欣賞
APPREHEND,逮捕
APPROACH#1,接近＃1
APPROACH#2,接近＃2
APPROPRIATE#1,適當的＃1
APPROVAL,贊同
APPROVE#1,批准＃1
APPROVE#2,批准＃2
APT,易於
APTITUDE,能力
ARBITER,仲裁者
ARBITRATE,仲裁
ARBITRATION,仲裁
ARDENT,熱心
ARISEN,出現
ARISTOCRACY,貴族
ARISTOCRAT,貴族
ARISTOCRATIC,貴族
ARREST#3,逮捕＃3
ART#1,藝術＃1
ART#4,藝術＃4
ASCRIBE,歸咎於
ASPIRATION,願望
ASPIRE,渴望
ASSENT,同意
ASSERTION,斷言
ASSET,資產
ASSIST#1,助攻＃1
ASSIST#2,助攻＃2
ASSISTANCE,協助
ASSISTANT,助手
ASSOCIATE#1,關聯＃1
ASSOCIATE#2,關聯＃2
ASSOCIATE#3,關聯＃3
ASSOCIATION#1,協會＃1
ASSOCIATION#2,協會＃2
ASSURANCE,保證
ASSURE#1,保證＃1
ASSURE#2,保證＃2
ASSURE#3,保證＃3
ASSUREDLY,嚇住了
ASTOUND,驚奇
ASTUTE,精明
ATHLETIC,運動
ATTACHMENT,附件
ATTAIN,達到
ATTAINMENT,素養
ATTEND#1,參加＃1
ATTENDANCE,出勤
ATTENTIVE,細心
ATTRACT,吸引
ATTRACTION,吸引力
ATTRACTIVE,吸引人的
ATTRACTIVENESS,吸引力
ATTUNE,att
AUDIBLE,可聽
AUGMENT,增加
AUGMENTATION,增強
AUSPICIOUS,吉祥
AUTHENTIC,真正的
AUTHENTICITY,真實性
AUTHORITATIVE,權威性
AUTHORITY,權威
AUTONOMOUS,自主性
AVAILABILITY,可用性
AVID,狂熱
AWARD#1,獎第一
AWARD#2,獎金＃2
AWARE,知道的
AWARENESS,意識
BACK#2,背2
BACK#5,背5.
BACKBONE,骨幹
BACKER,背包
BACKING,後盾
BALL#5,球＃5
BALL#6,球＃6
BALMY,芳香
BAPTISM,洗禮
BAPTIZE,施洗
BARGAIN,便宜貨
BASIC#1,基本＃1
BASIC#2,基本＃2
BEACON,燈架
BEAUTEOUS,bea
BEAUTIFY,美化
BEAUTY,美麗
BEFIT,合適
BEFITTING,合適
BEFRIEND,愛好者
BEHALF,代表
BELOVED,心愛
BENEFACTOR,恩人
BENEFICENT,受益者
BENEFICIAL,有利
BENEFICIARY,受益人
BENEFIT#1,福利＃1
BENEFIT#2,福利＃2
BENEFIT#3,福利＃3
BENEVOLENCE,仁
BENEVOLENT,仁慈
BENIGN,良性
BEQUEATH,遺贈
BEST,最好的
BESTOW,賜給
BETROTH,聘
BETROTHAL,德語
BETTER#1,更好＃1
BETTER#2,更好的＃2
BLAMELESS,無可指責
BLESS#1,祝福＃1
BLESS#2,祝福＃2
BLESS#3,祝福＃3
BLISS,bl
BLISSFUL,bl
BLITHE,鴻世
BLOOM,盛開
BLOSSOM,開花
BOARD#8,板＃8
BOLDNESS,膽量
BOLSTER,撐腰
BONNY,bon
BONUS,獎金
BOOM,繁榮
BOOST#1,提升＃1
BOOST#2,升壓＃2
BOUNDLESS,無邊的
BOUNTIFUL,豐富
BRAINY,聰明
BRAVE,勇敢的
BRAVERY,勇敢
BREADWINNER,養家糊口
BRIGHT,明亮的
BRIGHTNESS,亮度
BRILLIANCE,輝煌
BRILLIANT,傑出的
BROTHERHOOD,兄弟情誼
BROTHERLY,兄弟
BUOYANT,浮力
BUY#2,買＃2
CALL#4,撥打＃4
CALM#1,平靜＃1
CALM#2,平靜＃2
CALM#3,平靜＃3
CALMNESS,平靜
CANDID,坦率
CANDOR,坦率
CAPABILITY,能力
CAPABLE,有能力的
CAPITALIZE,資本化
CAPTIVATION,興奮
CARE#1,關心＃1
CARE#2,護理＃2
CAREFREE,暢快
CAREFUL,小心
CARESS#1,愛撫＃1
CARESS#2,愛撫＃2
CASUAL,隨意的
CEASELESS,不可禁要的
CELEBRATE,慶祝
CELEBRATION,慶典
CELEBRITY,名人
CEREMONIAL,儀式
CHAMP,冠軍
CHAMPION,冠軍
CHAMPIONSHIP,錦標賽
CHARISMA,魅力
CHARITABLE,慈善
CHARITY,慈善機構
CHARM#1,魅力＃1
CHARM#2,魅力＃2
CHASTE,貞潔
CHEER,歡呼
CHEERFUL,快樂
CHEERY,爽快
CHERISH#1,珍惜＃1
CHERISH#2,珍惜＃2
CHERUB,小腳
CHIC,別緻
CHIVALROUS,俠義
CHIVALRY,俠義
CHOSEN#2,選擇＃2
CHUM,密友
CIVIL#1,民間＃1
CIVILITY,禮貌
CIVILIZATION,文明
CIVILIZE#1,文明＃1
CIVILIZE#2,文明＃2
CLARIFY,闡明
CLARITY,明晰
CLASSIC,經典的
CLEAN#1,清潔＃1
CLEAN#3,清潔＃3
CLEANLINESS,清潔
CLEANSE,潔淨
CLEAR#1,清除＃1
CLEAR#2,清除＃2
CLEAR#3,清除＃3
CLEAR#4,清除＃4
CLEAR#5,清除＃5
CLEARNESS,清晰度
CLEVER,聰明的
CLOSENESS,親近
CLOUT,克勞
CO-OPERATION,合作
COAX,哄
CODDLE,溺愛
COEXISTENCE,共存
COGENT,c
COGNIZANCE,認識
COGNIZANT,認識
COHERENT,相干
COHESION,凝聚
COHORT,隊列
COINCIDENT,重合
COLLABORATE,合作
COLLABORATION,合作
COLLEAGUE,同事
COLOSSAL,龐大
COMEBACK,回來
COMEDY,喜劇
COMELY,漂亮
COMESTIBLE,可笑
COMFORT#1,舒適＃1
COMFORT#2,舒適＃2
COMFORT#3,舒適＃3
COMFORTABLE,舒服的
COMIC,漫畫
COMICAL,滑稽
COMMEMORATE,紀念
COMMEMORATION,紀念
COMMENCEMENT,開始
COMMEND,表彰
COMMENDABLE,comm
COMMENDATION,表彰
COMMENSURATE,相稱
COMMISSION,委員會
COMMITMENT,承諾
COMMODIOUS,恭喜
COMMON#1,共同＃1
COMMON#4,共同＃4
COMMONSENSE,致遠的
COMMUNAL,共計
COMMUNE,公社
COMMUNICATE#1,溝通＃1
COMMUNICATE#2,溝通＃2
COMMUNICATIVE,交際
COMMUNION,共和國
COMMUNITY,社區
COMPANION,伴侶
COMPANIONSHIP,友誼
COMPASSION,同情
COMPASSIONATE,富於同情心
COMPATIBLE,兼容的
COMPENSATE,補償
COMPENSATION,賠償
COMPETENCE,權限
COMPETENCY,競爭力
COMPETENT,勝任的
COMPLEMENT#1,補充＃1
COMPLEMENT#2,補充＃2
COMPLEMENTARY,補充
COMPLETE#1,完成＃1
COMPLETE#2,完成＃2
COMPLETENESS,完整性
COMPLETION,完成
COMPLIANCE,遵守
COMPLIMENT,讚揚
COMPOSURE,鎮定
COMPREHEND,理解
COMPREHENSION,理解
COMPREHENSIVE,綜合的
COMPROMISE#1,妥協＃1
COMPROMISE#2,妥協＃2
CONCESSION,讓步
CONCLUSIVE,確鑿
CONCUR,同意
CONDONE,cond
CONDUCIVE,有利
CONFEDERATION,聯盟
CONFER,授予
CONFIDANT,知己
CONFIDE,信任
CONFIDENCE#1,信心＃1
CONFIDENT,自信的
CONGENIAL,相投
CONGRATULATE,祝賀
CONGRATULATION,祝賀
CONGRATULATORY,祝賀
CONGREGATE,聚集
CONJUNCTION,連詞
CONJURE,變戲法
CONNECT,連接
CONQUER,征服
CONQUEROR,征服者
CONQUEST,征服
CONSCIENCE,良心
CONSCIENTIOUS,殷勤
CONSENSUS,共識
CONSENT#1,同意＃1
CONSENT#2,同意＃2
CONSERVE,養護
CONSIDER#1,考慮＃1
CONSIDER#2,考慮＃2
CONSIDERATE,周到
CONSIDERATION#1,考慮＃1
CONSIGN,交付
CONSISTENCY,一致性
CONSISTENT,持續的
CONSOLE,安慰
CONSOLIDATE,鞏
CONSTANCY,恆定
CONSTRUCTIVE,建設性
CONSULT,諮詢
CONSULTATION,諮詢
CONSUMMATE,完善
CONTACT#1,聯繫＃1
CONTACT#2,聯繫＃2
CONTENT#3,內容＃3
CONTENT#4,內容＃4
CONTENT#5,內容＃5
CONTENTMENT,滿意
CONTINUITY,連續性
CONTRIBUTE#1,貢獻＃1
CONTRIBUTE#2,貢獻＃2
CONTRIBUTION,貢獻
CONTRIBUTOR,貢獻者
CONVENE,召開
CONVICTION,定罪
CONVINCE#1,說服＃1
CONVINCE#2,說服＃2
COOPERATE,合作
COOPERATION,合作
COOPERATIVE#1,合作＃1
COOPERATIVE#2,合作＃2
COOPERATIVE#3,合作＃3
COORDINATE,協調
COORDINATION,協調
CORDIAL,親切
CORRECT#1,正確＃1
CORRECT#2,正確＃2
CORRECT#3,正確＃3
CORRECTION,更正
COUNCIL,議理
COUNSEL#1,律師＃1
COUNSEL#2,律師＃2
COURAGE,勇氣
COURAGEOUS,勇敢
COURTEOUS,有禮貌
COURTESY,禮貌
COURTLY,騙子
COVENANT,盟約
COZY,舒適
CREATE,創造
CREATIVE,有創造力的
CREATIVITY,創造力
CREDENTIALS,證書
CREDIBILITY,可信度
CREDIBLE,可信的
CREDIT#2,信用＃2
CREDIT#4,信用＃4
CRUSADE,運動
CRUSADER,十字軍
CUDDLE,偎
CULMINATE,c
CULMINATION,高潮
CULTIVATE#1,培養＃1
CULTIVATE#2,培養＃2
CULTIVATION,栽培
CULTURE#2,文化＃2
CUPID,丘比特
CURE#1,治愈＃1
CURE#2,治愈＃2
CURTSEY,Curtsey.
CUTE,可愛的
DANCE#1,舞蹈＃1
DANCE#2,舞蹈＃2
DANCE#3,舞蹈＃3
DARE,敢
DARING,大膽
DARLING,寵兒
DAUNTLESS,da
DAWN#2,黎明＃2
DAZZLE,炫
DEAL#1,成交
DEAR#1,親愛的＃1
DEAR#2,親愛的＃2
DECENCY,十分之一
DECENT,體面的
DECIPHER,解碼
DECORATE,裝飾
DECORATION,裝飾
DECORATIVE,裝飾性的
DEDICATE#1,奉獻＃1
DEDICATE#2,奉獻＃2
DEDICATION,奉獻
DEDUCE,推斷
DEFEND,防守
DEFENDER,辯護人
DEFENSE,防禦
DEFINITIVE,明確
DELICACY,美味
DELICATE,精美的
DELIGHT#1,樂趣＃1
DELIGHT#2,樂趣＃2
DELIGHTFUL,愉快
DEPENDABILITY,可靠性
DEPENDABLE,可信
DESCRY,敘述
DESERVE,應得
DESERVEDLY,當之無愧地
DESIRABLE,可取
DESIROUS,渴望
DEVOTE#1,奉獻＃1
DEVOTE#2,奉獻＃2
DEVOTION,奉獻
DEVOUT,虔誠
DEXTERITY,靈巧
DIG#1,挖掘＃1
DIGNIFIED,凝重
DIGNIFY,尊嚴
DIGNITY,尊嚴
DILIGENT,勤奮
DISCERN,辨別
DISCREET,慎重
DISCRETION,審慎
DISCUSS,討論
DISTINCT,清楚的
DISTINCTION,區別
DISTINCTIVE,獨特
DISTINGUISH#1,區分＃1
DISTINGUISH#2,區分＃2
DISTINGUISHED,尊敬
DIVINE#1,神聖＃1
DIVINE#2,神聖＃2
DIVINITY,神
DOMINANCE,佔領稅
DONATE,捐
DONATION,捐款
DOTE,寵愛
DOUBTLESS,無疑
DREAMLAND,夢境
DURABILITY,耐久性
DURABLE,耐用的
DYNAMIC,動態的
EAGER,渴望的
EAGERNESS,渴望
EARNEST,認真
EARNESTNESS,認真
EASE#1,輕鬆＃1
EASE#2,輕鬆＃2
EASY#1,輕鬆＃1
EASY#2,Easy＃2
EASY#3,輕鬆＃3
EASY#4,輕鬆＃4
ECONOMIZE,節約
ECSTASY,狂喜
ECSTATIC,欣喜若狂
EDIBLE,食用
EDUCATED#1,受過教育的＃1
EDUCATION,教育
EDUCATIONAL,教育學位
EFFECTIVE,有效的
EFFECTIVENESS,效力
EFFICACY,功效
EFFICIENCY,效率
EFFICIENT,高效的
ELABORATE,精心製作的
ELABORATION,闡述
ELATE,撒酸
ELEGANCE,優雅
ELEGANT,優雅的
ELOQUENT,雄辯
EMBELLISH,潤
EMBRACE#1,擁抱＃1
EMBRACE#2,擁抱＃2
EMINENCE,換取
EMINENT,傑出
EMPATHY,共情
EMPOWER,授權
EMPOWERMENT,賦予權力
ENABLE,使能夠
ENCHANT#1,魔術＃1
ENCHANT#2,魔術＃2
ENCHANTMENT,魅力
ENCOURAGE#1,鼓勵＃1
ENCOURAGE#2,鼓勵＃2
ENCOURAGEMENT,鼓勵
ENDEAR,end
ENDORSE,摯
ENDOW,賦予
ENDURANCE,耐力
ENERGETIC,精力充沛
ENERGIZE,通電
ENGAGE#5,搞＃5.
ENHANCE,提高
ENHANCEMENT,加強
ENJOY,請享用
ENJOYABLE,愉快
ENJOYMENT,享受
ENLIGHTEN#1,啟發＃1
ENLIGHTEN#2,啟發＃2
ENLIGHTENMENT,啟示
ENRICH,豐富
ENRICHMENT,豐富
ENSEMBLE,合奏
ENSURE,確保
ENTERTAIN#1,娛樂＃1
ENTERTAIN#2,娛樂＃2
ENTERTAINMENT,娛樂
ENTHUSIASM,熱情
ENTHUSIASTIC,熱情的
ENTREPRENEURIAL,創業
ENTRUST,委任
ENVISION,預見
EQUALITY,平等
EQUITABLE,公平
EQUITY,公平
ESSENTIAL#1,基本＃1
ESSENTIAL#2,基本＃2
ESTABLISH#1,建立＃1
ESTABLISH#2,建立＃2
ESTEEM,尊重
ETHICAL,道德
ETHICS,倫理
ETIQUETTE,禮儀
EVEN#4,甚至＃4
EVEN#5,甚至＃5
EVERLASTING,永恆
EXACT#1,精確＃1
EXACT#2,精確＃2
EXALT,ex
EXCEL,excel.
EXCELLENCE,卓越
EXCELLENT,優秀的
EXCITE#1,激動＃1
EXCITE#2,Excite＃2
EXCITED#2,興奮＃2
EXCITEDNESS,興奮
EXCITEMENT,激動
EXERTION,用力
EXHILARATION,興奮
EXOTIC,異國情調
EXPERIENCE#1,體驗＃1
EXPERIENCE#3,體驗＃3
EXPERT#1,專家＃1
EXPERT#2,專家＃2
EXQUISITE,精美的
EXTOL,頌
EXTRAORDINARY,非凡的
EXTRAVAGANCE,奢侈
EXUBERANCE,富人
EXUBERANT,旺盛
EXULT,歡騰
EXULTATION,大喜
EYE#3,眼睛＃3
FABULOUS,極好
FACILITATE,促進
FACTUAL,事實
FAIR#1,公平＃1
FAIR#4,公平＃4
FAIR#5,公平＃5
FAIRNESS,公平
FAITH#1,信仰＃1
FAITH#2,信仰＃2
FAITHFUL,可信
FAITHFULNESS,忠誠
FAME,名聲
FAMILIAR,熟悉的
FAMILIARITY,熟悉
FAMILIARIZE,熟悉
FAMOUS,著名的
FANCY,想要
FANTASTIC,極好的
FANTASY,幻想
FARSIGHTED,睿
FASCINATION,魅力
FASHIONABLE,時髦
FAVOR#1,有利＃1
FAVOR#2,有利於＃2
FAVOR#3,有利於＃3
FAVOR#4,青睞＃4
FAVOR#5,青睞＃5
FAVORABLE,有利
FAVORITE,最喜歡的
FEARLESS,無所畏懼
FEASIBLE,可行的
FEAST#1,盛宴＃1
FEAST#2,盛宴＃2
FELLOW#2,別人＃2
FELLOWSHIP,獎學金
FERTILE,沃
FERVENT,熱切
FERVOR,熱情
FESTIVAL,節日
FESTIVE,節日
FESTIVITY,慶祝活動
FIDELITY,保真
FIERY,火熱
FILIAL,孝
FILL#4,填充＃4
FINE#1,罰款＃1
FINE#2,罰款＃2
FINE#3,罰款＃3
FINE#4,罰款＃4
FINE#5,罰款＃5
FIRMNESS,堅定
FIT#2,適合＃2
FIT#5,適合＃5
FITNESS,健康
FLAIR,Flair.
FLASHY,flash
FLATTER,奉承
FLATTERY,奉承
FLAUNT,標榜
FLAWLESS,fl
FLEXIBLE,靈活的
FLIRT,調情
FLOURISH,繁榮
FLUENT,流利
FOND#1,喜歡＃1
FOND#2,喜歡＃2
FOND#3,喜歡＃3.
FOND#4,愛＃4
FOND#5,愛＃5
FOND#6,愛＃6
FOND#7,喜歡＃7.
FONDNESS,Foreness
FOREMOST,最重要的
FORESIGHT,前瞻性
FORGAVE,原來
FORGIVE,原諒
FORGIVEN,寬恕
FORGIVENESS,饒恕
FORMALITY,形式化
FORTIFY,強化
FORTITUDE,堅韌
FORTUNATE,幸運
FORWARD#1,前進＃1
FOSTER,促進
FRAGRANT,香
FRANK,坦率
FREE#1,免費＃1
FREE#2,免費＃2
FREE#3,免費＃3
FREE#4,免費＃4
FREE#5,免費＃5
FREEDOM,自由
FRESH,新鮮的
FRIEND,朋友
FRIENDLY,友誼賽
FRIENDSHIP,友誼
FROLIC,嬉戲
FRUGAL,節儉
FRUITFUL,卓有成效
FRUITION,fr
FULFILL,實現
FULFILLMENT,履行
FULLNESS,豐滿
FUN#1,有趣＃1
FUNNY#1,有趣的＃1
FUNNY#2,有趣的＃2
FUNNY#3,有趣的＃3.
GAIETY,歡樂
GAILY,華麗的
GAIN#1,獲得＃1
GAIN#2,獲得＃2
GALLANT,英勇
GALLANTRY,英勇
GAME#3,遊戲＃3
GARNISH,裝飾
GAY,同性戀者
GENERATE,產生
GENEROSITY,慷慨
GENEROUS,慷慨的
GENIAL,世紀
GENIUS,天才
GENTLE,溫和的
GENUINE,真的
GIDDY,頭暈
GIFT,禮物
GIFTED,天才
GLAD#1,高興＃1
GLAD#2,高興＃2
GLADDEN,拉長
GLADNESS,歡樂
GLAMOROUS,迷人
GLAMOUR,魅力
GLEAM#1,閃光＃1
GLEAM#2,閃光＃2
GLEAN,收集
GLEE,高興
GLIMMER,微光
GLISTEN#1,格里斯滕＃1
GLISTEN#2,格里斯肯＃2
GLITTER#1,閃光＃1
GLITTER#2,閃光＃2
GLORIFY,榮耀
GLORIOUS,輝煌
GLORY,榮耀
GLOSSY,光滑
GLOW#1,煥發＃1
GLOW#2,煥發＃2
GODLIKE,上帝喜歡
GODLINESS,敬虔
GOLD,金子
GOLDEN,金的
GOOD#1,好＃1
GOODBYE,再見
GOODNESS,善意
GORGEOUS,華麗的
GRACE,優雅
GRACEFUL,優美
GRACIOUS,親切
GRADUATION,畢業
GRAND,盛大
GRANDEUR,宏偉
GRATEFUL,感激
GRATIFICATION,滿足
GRATIFY,滿足
GRATITUDE,感激
GREAT#1,偉大的＃1
GREAT#2,偉大的＃2
GREAT#3,偉大的＃3.
GREATNESS,偉大
GREET#1,問候＃1
GREET#2,問候＃2
GROOM,馬夫
GUARANTEE#1,保證＃1
GUARANTEE#2,保證＃2
GUARDIAN,監護人
GUIDE#1,指南＃1
GUIDE#2,指南＃2
GUIDE#4,指南＃4
GUSTO,Gusto.
HALLOWED,萬聖節
HAND#9,手＃9
HANDSOME,英俊的
HANDY,便利
HAPPINESS,幸福
HAPPY#1,快樂
HAPPY#2,高興
HAPPY#3,開心
HAPPY#4,愉快
HARDY,強壯的
HARMLESS,無害
HARMONIOUS,和諧
HARMONIZE,協調
HARMONY,和諧
HARNESS,馬俱
HAVEN,避風港
HEAL,癒合
HEALTH,健康
HEALTHFUL,健康
HEALTHY#1,健康＃1
HEALTHY#2,健康＃2
HEALTHY#3,健康＃3
HEART#4,心＃4
HEARTILY,heart
HEAVEN,天堂
HEAVENLY,天上
HELP#1,幫助＃1
HELP#2,幫助＃2
HELP#4,幫助＃4
HELPFUL,樂於助人
HERO,英雄
HEROIC,英勇
HEROINE,女主角
HEROISM,英雄主義
HIGHLIGHT,強調
HILARIOUS,熱鬧
HIT#5,擊中＃5
HOLY,聖
HOMAGE,尊敬
HOME,家
HONEST#1,誠實＃1
HONEST#2,誠實＃2
HONEST#3,誠實＃3
HONEYMOON,蜜月
HONOR#1,榮譽＃1
HONOR#2,榮譽＃2
HONOR#3,榮譽＃3
HONORABLE,榮
HOPE#1,希望＃1
HOPE#2,希望＃2
HOPEFUL,有希望的
HOSPITABLE,好客
HUG,擁抱
HUMAN,人類
HUMANITARIAN,人道主義者
HUMANITY,人性
HUMBLE,謙遜的
HUMILITY,謙遜
HUMOR,幽默
HUMOROUS,幽默
HYGIENE,衛生
IDEAL#1,理想的＃1
IDEAL#2,理想的＃2
IDEAL#3,理想的＃3
IDEALISM,唯心主義
IDOL,偶像
IDOLIZE,偶像
ILLUMINATE,照亮
ILLUSTRIOUS,傑出
IMAGINATION,想像力
IMAGINATIVE,富有想像力的
IMMACULATE,imm
IMMORTAL,不朽
IMPARTIAL,公正
IMPARTIALITY,公正
IMPERATIVE,至關重要的
IMPERVIOUS,不透水
IMPETUS,推動
IMPORTANCE,重要性
IMPORTANT,重要的
IMPRESS#1,印象＃1
IMPRESSIVE,感人的
IMPROVE#1,改善＃1
IMPROVE#2,改善＃2
IMPROVE#3,改善＃3
IMPROVEMENT,改進
IMPUNITY,有罪不罰
INAUGURATE,開幕式
INAUGURATION,職業典禮
INDEPENDENCE,獨立
INDEPENDENT#1,獨立＃1
INDEPENDENT#2,獨立＃2
INDESCRIBABLE,無法形容
INDICATIVE,指示主義者
INDISPENSABILITY,不可缺少
INDISPENSABLE,必不可少
INDIVIDUALITY,個性
INDOMITABLE,不屈不撓
INDULGENCE,放縱
INDUSTRIOUS,勤勞
INEXPENSIVE,廉價
INFALLIBILITY,無謬誤
INFALLIBLE,無可所靈
INFER,推斷
INFERENCE,推理
INFORM#1,告知＃1
INFORM#2,告知＃2
INGENIOUS,巧妙
INGENUITY,聰明才智
INHERIT,繼承
INNOCENCE,純真
INNOCENT,清白的
INNOVATE,創新
INNOVATIVE,創新的
INQUISITIVE,好奇
INSEPARABLE,形影不離
INSIGHT,洞察力
INSISTENT,堅持不懈
INSPIRATION,靈感
INSPIRATIONAL,鼓舞人心的
INSPIRE#1,激發＃1
INSPIRE#2,激發＃2
INSTINCTIVE,本能的
INTEGRITY,正直
INTELLECT,智力
INTELLECTUAL#1,知識分子＃1
INTELLECTUAL#2,知識分子＃2
INTELLECTUAL#3,知識分子＃3
INTELLIGENCE,智力
INTELLIGENT,聰明的
INTELLIGIBLE,可理解
INTERCEDE,說情
INTERCOURSE,交往
INTEREST#1,興趣＃1
INTEREST#3,興趣＃3
INTEREST#4,興趣＃4
INTERESTED#1,興趣＃1
INTERESTED#2,興趣＃2
INTERPOSE,間隔
INTIMACY,親密
INTIMATE,親密的
INTRICATE,錯綜複雜
INTRIGUE,幽靈
INVALUABLE,無價
INVENTOR,發明者
INVINCIBLE,不敗之地
INVITATION,邀請
INVITE#1,邀請＃1
INVITE#2,邀請＃2
INVULNERABLE,無懈可擊
IRRESISTIBLE,不可抗拒
JOIN#2,加入＃2
JOINTLY,共同
JOLLY,j
JOY,喜悅
JOYFUL,快樂
JUBILANT,喜慶
JUBILEE,禧
JUST#3,只是＃3
JUST#4,只是＃4
JUSTICE,正義
JUSTIFIABLY,合理
JUSTIFICATION,理由
JUSTIFY,證明合法
KEEN,敏銳的
KID#2,孩子＃2
KIND#2,善良＃2
KIND#5,善良＃5.
KINDNESS,善良
KISS#1,吻＃1
KISS#2,吻＃2
KNOW#3,知道＃3.
KNOW#4,知道＃4
KNOWLEDGE,知識
LAUDABLE,值得稱讚的
LAUGH#1,笑＃1
LAUGH#2,笑＃2
LAUGH#5,笑＃5.
LAUGH#6,笑＃6.
LAUGHTER,笑聲
LAVISH,奢華
LAW,法律
LAWFUL,合法
LEAD#4,鉛＃4
LEARN#2,學習＃2
LEARN#3,學習＃3
LEARNER,學習者
LEGAL,合法的
LEGITIMACY,合法性
LEGITIMATE,合法的
LEISURE,閒暇
LIBERAL#2,自由主義＃2
LIBERAL#3,自由主義＃3
LIBERALISM,自由主義
LIBERATE,解放
LIBERTY,自由
LIFELONG,終身
LIGHT#1,光＃1
LIGHT#3,燈＃3
LIKABLE,可愛
LIKE#2,喜歡＃2.
LIKE#3,喜歡＃3.
LIVE#6,Live＃6
LIVELY,活潑
LOGIC,邏輯
LOGICAL,邏輯
LONGEVITY,長壽
LOVE#1,愛＃1
LOVE#2,愛＃2
LOVE#3,愛＃3
LOVE#4,愛＃4
LOVELINESS,可愛
LOVELY,迷人的
LOVER#1,情人＃1
LOVER#2,情人＃2
LOYAL,忠誠
LOYALTY,忠誠
LUCID,leud.
LUCK,運氣
LUCKILY,幸運
LUCKY,幸運的
LUCRATIVE,利可抽獎
LUMINOUS,發光的
LUST,情慾
LUSTER,光澤
LUSTROUS,光澤
LUXURIANT,luxur
LUXURIOUS,豪華
LUXURY,奢華
LYRIC,歌詞
LYRICAL,抒情
MAGICAL,神奇
MAGNETIC,磁的
MAGNIFICENCE,壯麗
MAGNIFICENT,華麗的
MAIN#1,主＃1
MAJESTIC,雄偉
MAJESTY,威嚴
MAJOR#1,主要＃1
MAKE#6,製作＃6.
MAKE#7,製作＃7.
MANAGEABLE,可管理
MANLY,man
MARITAL,婚姻
MARRIAGE,婚姻
MARRY#1,結婚＃1
MARRY#2,結婚＃2
MARVEL,奇蹟
MARVELOUS,奇妙
MASTERFUL,大師
MASTERY,掌握
MATCHLESS,無比
MATE#1,夥伴＃1
MATE#2,夥伴＃2
MATTER#4,物質＃4
MATURE#1,成熟＃1
MATURE#2,成熟＃2
MATURE#3,成熟＃3
MATURITY,到期
MAXIMIZE,最大化
MEANINGFUL,有意義的
MEASURABLE,可衡量的
MEDIATE,調解
MEDITATION,冥想
MEET#5,見＃5.
MELLOW,醇厚
MELODY,旋律
MEMORABLE,難忘
MEND,修補
MENTOR,導師
MERCIFUL,仁慈
MERCY,憐憫
MERIT#1,Merit＃1
MERIT#2,Merit＃2
MERITORIOUS,勳
MERRILY,merrily.
MERRIMENT,歡樂
MERRY,mer
MESH,網
METICULOUS,細緻
MIGHTY,強大
MILD,溫和的
MIND#_10,心靈＃_10
MINDFUL,忠心
MINISTER#4,部長＃4
MINT,薄荷
MIRACLE,奇蹟
MIRACULOUS,神奇
MIRTH,歡笑
MOBILITY,移動性
MOBILIZE,動員
MODERATE,緩和
MODERATION,適度
MODERNITY,現代性
MODEST,謙虛
MODESTY,謙虛
MOMENTOUS,moment
MONUMENTAL,紀念碑
MORAL,道德
MORALE,士氣
MORALISTIC,道德語
MORALITY,道德
MOTIVATE,激勵
MOTIVATED,動機
MOTIVATION,動機
MOTIVE,動機
MULTITUDE,苠
MUTUAL#1,相互＃1
MUTUAL#2,相互互動＃2
MYRIAD,無數
NATURAL#1,自然＃1
NATURAL#2,自然＃2
NAVIGABLE,可導航的
NEAT,整潔的
NECESSARILY,一定
NEGOTIATE,談判
NICE#1,漂亮＃1
NICE#2,漂亮＃2
NICE#3,漂亮＃3
NICE#4,漂亮＃4
NICHE,利基
NIMBLE,敏捷
NOBILITY,貴族
NOBLE,高貴
NOBLEMAN,貴族
NOISELESS,無聲
NOMINATE,提名
NON-VIOLENCE,非暴力
NON-VIOLENT,非暴力
NORMAL,普通的
NOTABLE,值得注意的
NOTORIETY,諾奇
NOURISH,滋養
NOURISHMENT,營養
NOVELTY,新奇
NURSE#2,護士＃2
NURTURE,培育
NUTRIENT,養分
OASIS,綠洲
OBEDIENCE,服從
OBEDIENT,聽話
OBEY,遵守
OBJECTIVE#2,目標＃2
OBJECTIVE#3,目標＃3
OBLIGE,義務
OBTAIN,獲得
OBTAINABLE,可獲得
OFFER#1,提供＃1
OFFER#2,提供＃2
OFFER#3,提供＃3
OFFSET,抵消
ONSET,發病
ONWARD,向前
OPEN#1,開放的
OPEN#2,開幕
OPPORTUNE,合適的
OPPORTUNITY,機會
OPTIMAL,最佳
OPTIMISM,樂觀
OPTIMISTIC,樂觀的
OPTIONAL,可選的
ORDER#2,訂單＃2
ORDER#5,訂單＃5
ORDER#6,訂單＃6.
ORGANIZE#1,組織＃1
ORGANIZE#2,組織＃2
ORIGINALITY,獨創性
OUTGOING,out
OUTLIVE,勝負
OUTRIGHT,直接
OUTRUN,外星
OUTSET,一開始
OUTSTANDING,傑出的
OUTWIT,智勝
OVERCOME,克服
OVERJOYED,過度的
PAINSTAKING,艱苦的
PALATABLE,可口
PALATIAL,paltal.
PAMPER,p
PARADISE,天堂
PARAMOUNT,傾向
PARDON#1,赦免＃1
PARDON#2,赦免＃2
PARTICULAR#1,特定＃1
PARTNER,夥伴
PARTNERSHIP,合夥
PASS#2,通過＃2
PASSIONATE,熱情的
PATIENCE,耐心
PATIENT#2,患者＃2
PATIENT#3,患者＃3
PATRIOT,愛國者
PATRIOTIC,愛國
PATRON,贊助人
PATRONAGE,惠顧
PEACE#1,和平＃1
PEACE#2,和平＃2
PEACEABLE,和平的
PEACEFUL,平靜的
PEERLESS,無情
PERFECT#1,完美的＃1
PERFECT#2,完美的＃2
PERFECT#3,完美的＃3
PERFECTION,完美
PERFECTIONISM,完美主義
PERFECTIONIST,完美主義者
PERFUME,香水
PERMISSION,允許
PERMIT#1,允許＃1
PERSEVERANCE,毅力
PERSEVERE,持久
PERSUASIVE,有說服力的
PERTINENT,切中
PICTURESQUE,如畫
PIETY,虔
PINNACLE,巔峰
PIOUS,虔誠
PLAIN#1,普通＃1
PLAIN#3,普通＃3.
PLAIN#4,普通＃4.
PLAIN#5,普通＃5
PLAUSIBILITY,合理性
PLAYFUL,俏皮
PLAYMATE,玩伴
PLAYTHING,玩物
PLEASANT#1,愉快的＃1
PLEASANT#2,愉快＃2
PLEASANTRY,玩笑
PLEASED#1,高興＃1
PLEASED#2,高興＃2
PLEASURABLE,愉快
PLEASURE,樂趣
PLEDGE,保證
PLENTIFUL,豐富
PLENTY,pl
POETIC,詩意
POIGNANT,po
POISE#1,Poise＃1
POLISH,拋光
POLITE,有禮貌的
POLITENESS,禮貌
POMP,澤
POPULAR,受歡迎的
POPULARITY,人氣
POPULOUS,人口眾多
PORTABLE,便攜的
POSITIVE,積極的
POSITIVENESS,積極性
POSITIVITY,積極性
POSTERITY,後人
POTENCY,效力
POTENT,有效
PRACTICABLE,可行的
PRACTICAL#1,實用＃1
PRAISE#1,讚美＃1
PRAISE#2,讚美＃2
PRANCE,pr
PRECAUTION,預防
PRECEDENT,先例
PRECEPT,remept.
PRECIOUS,寶貴的
PRECISE,精確的
PRECISION,精確
PREEMINENT,卓越
PREFERENCE,偏愛
PREMIER,總理
PREMISE,前提
PREMIUM,優質的
PREPARATORY,預備
PRESTIGE,聲望
PRETTILY,pr
PRETTY#2,漂亮＃2
PRETTY#3,漂亮＃3
PRETTY#4,漂亮＃4
PRETTY#5,漂亮＃5
PRICELESS,無價
PRIDE,自豪
PRIMARILY,主要是
PRIME,主要的
PRINCIPAL#1,校長＃1
PRINCIPLE#1,原則＃1
PRINCIPLE#2,原則＃1
PRINCIPLE#4,原則＃1
PRIVACY,原則＃1
PRIVILEGED,原則＃1
PRIVY,原則＃1
PRIZE,原則＃1
PRO,原則＃1
PROACTIVE,原則＃1
PRODIGIOUS,原則＃1
PRODIGY,神童
PRODUCTIVE,富有成效
PRODUCTIVITY,生產率
PROFESS,宣稱
PROFFER,FERFER.
PROFICIENT,精通
PROFIT#1,利潤＃1
PROFIT#2,利潤＃2
PROFITABLE,有利可圖
PROFOUND,深刻的
PROGRESS#1,進展＃1
PROGRESS#2,進展＃2
PROGRESSIVE,進步
PROLIFIC,PROLIFIC
PROMINENCE,突出
PROMINENT,突出
PROMISE#3,承諾＃3
PROMISE#4,承諾＃4
PROMPT#1,提示＃1
PROMPT#2,提示＃2
PROMPTLY,及時
PROPER,恰當的
PROPITIOUS,吉祥
PROPRIETARY,所有權
PROPRIETY,禮
PROSECUTE,起訴
PROSPER,繁榮
PROSPERITY,繁榮
PROSPEROUS,繁榮
PROTECT,保護
PROTECTION,保護
PROTECTIVE,保護的
PROTECTOR,保護者
PROUD,自豪的
PROVIDE#1,提供＃1
PROVIDENCE,普羅維登斯
PROWESS,Prowess.
PRUDENCE,謹慎
PRUDENT,謹慎
PUNCTUAL,準時
PURE,純的
PURIFICATION,純化
PURIFY,淨化
PURITY,純度
PURPOSEFUL,有目的的
PURR,pur
QUAINT,古蹟
QUALIFY#1,資格＃1
QUALIFY#3,資格＃3
QUALITY#2,質量＃2
QUENCH,淬火
QUICKEN,加速
RADIANCE,輻射
RADIANT,輻射
RADIATE,輻射
RALLY,集會
RAPPORT,融洽
RAPT,r
RAPTURE,饒
RATIONAL,合理的
RAVE,狂歡
READILY,容易
REAL#1,真正的＃1
REALISTIC,實際的
REALISTICALLY,現實地
REAP,收穫
REASONABLE,合理的
REASSURANCE,放心
REASSURE,保證
RECEPTIVE,接受
RECLAIM,回收
RECLINE,橫臥
RECOMPENSE,補償
RECONCILE,調和
RECONCILIATION,和解
RECREATION,娛樂
REDEEM,贖回
REDEMPTION,贖回
REESTABLISH,重建
REFINE,優化
REFINEMENT,細化
REFUGE,避難所
REGAL,富豪
REHABILITATION,復原
REINFORCEMENT,加強
REINSTATE,恢復
REJOICE,麾
RELAXATION,鬆弛
RELEVANCE,關聯
RELEVANCY,關聯
RELEVANT,相關的
RELIABILITY,可靠性
RELIABLE,可靠的
RELIEF,寬慰
RELIEVE#3,緩解＃3
RELIGIOUS#1,宗教＃1
RELISH,rel
REMARKABLE,卓越
REMARKABLY,值得注意的
REMEDY,補救
REMODEL,改造
RENAISSANCE,再生
RENEWAL,續約
RENOVATE,翻新
RENOVATION,翻新
RENOWN,名聲
REPAIR#1,修復＃1
REPAIR#2,修復＃2
REPARATION,賠償
REPENT,悔改
REPENTANCE,悔改
REPOSE,休息
REPUTABLE,rep
RESCUE#1,救援＃1
RESCUE#2,救援＃2
RESOLUTE,堅決
RESOLVE#1,解決＃1
RESOLVE#2,解決＃2
RESOLVED,解決
RESOUND,迴響
RESOURCEFUL,足智多謀
RESOURCEFULNESS,富裕
RESPECT#1,尊重＃1
RESPECT#2,尊重＃2
RESPECT#5,尊重＃5.
RESPECTABLE,可敬
RESPECTFUL,尊敬的
RESPITE,喘息
RESPLENDENT,燦爛
RESPONSIBILITY,責任
RESPONSIBLE#1,負責任＃1
RESPONSIVE,響應
RESTFUL,寧靜
RESTORATION,恢復
RESTORE,恢復
RESURRECT,復活
RETURN#2,返回＃2
RETURN#5,返回＃5.
REUNION,團圓
REUNITE,團聚
REVEL,陶醉
REVELATION,啟示
REVERE,尊敬
REVERENCE,尊敬
REVERENT,虔誠
REVERENTLY,虔誠地
REVITALIZE,振興
REVIVAL,復興
REVIVE,復活
REWARD#1,獎勵＃1
REWARD#2,獎勵＃2
REWARD#3,獎勵＃3
RICH#1,富人＃1
RICH#2,富人＃2
RICH#3,富人＃3
RICH#4,富人＃4
RICH#5,富人＃5
RICH#6,富人＃6
RICHES,富有
RICHNESS,豐富
RIGHT#1,右＃1
RIGHT#6,右＃6
RIGHTEOUS,正義
RIGHTEOUSNESS,義
RIGHTFUL,可愛的
RIPE,成熟
RIPEN,熟
ROBUST,強壯的
ROMANCE,浪漫
ROMANTIC,浪漫的
ROMANTICIZE,浪漫化
ROSY,紅潤
ROUND#4,圓＃4
ROUSE,喚醒
SACRED,神聖
SAFE#1,安全＃1
SAFE#2,安全＃2
SAFE#3,安全＃3
SAFE#4,安全＃4
SAFEGUARD,保障
SAFETY#2,安全＃2
SAGACITY,緣石
SAGE,智者
SAINT,聖
SALUTARY,賦予誹謗
SALUTATION,致敬
SALUTE,禮炮
SALVATION,救恩
SANCTIFY,Sanctify.
SANCTUARY,避難所
SANE,s
SANGUINE,樂觀
SANITARY,衛生
SANITY,理智
SATISFACTION,滿意
SATISFACTORILY,令人滿意的
SATISFACTORY,滿意的
SATISFY#1,滿足＃1
SATISFY#2,滿足＃2
SATISFY#3,滿足＃3.
SAVE#1,保存＃1
SAVINGS,儲蓄
SAVOR,品嚐
SAVVY,嫻熟
SCAMPER,疾走
SCRUPLES,顧忌
SCRUPULOUS,scr
SECURE#2,安全＃2
SECURE#3,安全＃3
SECURITY#1,安全＃1
SECURITY#2,安全＃2
SELECTIVE,可選擇的
SELF-CONTAINED,自給自足
SELF-RESPECT,自尊
SEMBLANCE,外表
SENSATIONAL,聳人聽聞
SENSE#3,感染＃3.
SENSE#5,感覺＃5.
SENSIBLE,懂事
SENSITIVE,敏感的
SENSITIVITY,靈敏度
SERENE,安詳
SERIOUS,嚴肅的
SERIOUSNESS,嚴肅
SETTLE#4,解決＃4
SHARE#1,分享＃1
SHARE#3,分享＃3
SHARE#4,分享＃4
SHELTER#1,避難所＃1
SHELTER#2,避難所＃2
SHIELD,盾
SHINY,閃亮的
SHREWD,精明
SHREWDNESS,城府
SIGNIFICANCE,意義
SIGNIFICANT,重大
SIGNIFY,表示
SIMPLICITY,簡單
SIMPLIFY#1,簡化＃1
SIMPLIFY#2,簡化＃2
SINCERE,真誠
SINCERITY,誠意
SKILL#1,技能＃1
SKILL#2,技能＃2
SKILLFUL,熟練
SLEEK,光滑
SMART#1,聰明的
SMART#2,聰明
SMART#4,智能＃4.
SMILE#1,微笑＃1
SMILE#2,微笑＃2
SMILE#3,微笑＃3
SMILE#4,微笑＃4
SMITTEN,幕後
SOBER,清醒
SOCIABLE,社交
SOFTNESS,柔軟
SOLACE,慰藉
SOLUTION,解決方案
SOOTHE,撫慰
SOPHISTICATED,複雜的
SOUGHT,尋求
SOUNDNESS,合理的
SPARE#2,備用＃2
SPARKLE,火花
SPECIAL,特別的
SPECTACULAR,壯觀
SPEEDILY,趕快
SPLENDID,燦爛
SPLENDOR,輝
SPOTLESS,一塵不染
SPRIGHTLY,女士
SQUARELY,正好
STABILITY,穩定
STABILIZE,穩定
STABLE,穩定的
STANDARDIZE,標準化
STAPLE,st
STATELY,莊嚴
STATUESQUE,stequesque
STAUNCH,堅定
STAUNCHNESS,堅定不移
STEADFAST,堅定不移
STEADFASTNESS,堅定不移
STEADINESS,穩定
STEADY,穩定的
STIMULATE,刺激
STIMULATION,刺激
STRAIGHT#3,直＃3
STRAIGHTFORWARD,直截了當
STRUT,支撐
STUD,螺柱
STUDIOUS,算像
STUPENDOUS,stup
STURDY,結實的
STYLISH,時髦的
SUAVE,蘇娃
SUBLIME,昇華
SUBSCRIBE,訂閱
SUBSCRIPTION,訂閱
SUBSIDIZE,資助
SUBSIDY,補貼
SUBSIST,生存
SUBSISTENCE,自住
SUBSTANTIATE,證實
SUBTLE,微妙的
SUCCEED#1,成功＃1
SUCCESS,成功
SUCCESSFUL,成功的
SUFFICE,滿足
SUFFICIENT,充足的
SUIT#3,適合＃3
SUIT#4,適合＃4
SUITABLE,合適的
SUMMIT,首腦
SUMPTUOUS,豪華
SUPER,極好的
SUPERIOR,優越的
SUPERIORITY,優勢
SUPERLATIVE,超級
SUPPORT#1,支持＃1
SUPPORT#2,支持＃2
SUPPORT#3,支持＃3
SUPPORT#4,支持＃4
SUPPORTIVE,支持
SUPREME#1,至高無上的＃1
SUPREME#2,至高無上的＃2
SURGE,湧
SURMISE,推測
SURMOUNT,超越
SURPASS,超過
SURVIVAL,生存
SURVIVE,存活
SURVIVOR,倖存者
SWEET#1,甜蜜＃1
SWEET#3,甜蜜＃3
SWEET#4,甜蜜＃4
SWEET#5,甜蜜＃5
SWEETEN,甜蜜
SWEETHEART,親愛的
SWEETNESS,甜蜜
SWIFTNESS,六
SWOON,昏厥
SWORN,宣揚
SYMBOLIZE,象徵
SYMMETRY,對稱
SYMPATHETIC,同情
SYMPATHIZE,同情
SYMPATHY,同情
SYNTHESIS,合成
TACT,t
TACTICS,策略
TALENT,天賦
TALENT,才華
TALENTED,才華橫溢的
TASTE#2,味道＃2
TEMPERANCE,temper
TEMPERATE,溫帶溫帶
TEMPT,誘惑
TENACIOUS,頑強
TENACITY,韌性
TENDERNESS,壓痛
TERRIFIC,了不起
THANK#1,謝謝＃1
THANK#2,謝謝＃2
THANK#3,謝謝＃3
THANKFUL,感謝
THERAPEUTIC,治療
THOROUGH,徹底
THOUGHTFUL,周到
THOUGHTFULNESS,思考
THRIFT,節約
THRIFTY,節儉
THRILL,刺激
THRIVE,蓬勃發展
TINGLE#1,Tingle＃1
TOGETHERNESS,統一
TOLERANCE,寬容
TOLERANT,寬容
TOLERATE,容忍
TOLERATION,容忍
TOPMOST,最高的
TRADITION,傳統
TRADITIONAL,傳統的
TRAIN#4,火車＃4
TRANQUIL,寧靜
TRANQUILITY,寧靜
TRAVEL#4,旅行＃4
TREASURE#1,寶藏＃1
TREASURE#2,寶藏＃2
TREAT#2,請客
TREATISE,論文
TREATY,條約
TREMENDOUS#1,巨大的＃1
TREMENDOUS#2,巨大的＃2
TRIBUTE,貢
TRIUMPH#1,勝利＃1
TRIUMPH#2,勝利＃2
TRIUMPHAL,凱旋
TRIUMPHANT,凱
TROPHY,杯
TRUE#1,真＃1
TRUE#2,真＃2
TRUE#3,真＃3.
TRUE#4,真＃4.
TRUE#5,真＃5.
TRUST#1,信任＃1
TRUST#2,信任＃2
TRUST#3,信任＃3
TRUST#4,信任＃4
TRUST#6,信任＃6
TRUST#7,信任＃7
TRUSTWORTHINESS,值得信賴
TRUSTWORTHY,值得信賴
TRUTH,真相
TRUTHFUL,真實
UNBOUND,un
UNBROKEN,un
UNCOMMON,罕見
UNDERSTAND#1,了解＃1
UNDERSTAND#2,了解＃2
UNDERSTANDABLE,可以理解
UNDERSTOOD,理解
UNDOUBTED,毫無疑問
UNDOUBTEDLY,無疑
UNFORGETTABLE,難忘
UNHURRIED,不緊秋節
UNIMPEACHABLE,無法揮霍
UNIQUE,獨特
UNITY,統一
UNLIMITED,無限
UNSELFISH,無私
UNTOUCHED,不起作用
UPBEAT,樂觀
UPFRONT,前期
UPGRADE,升級
UPHELD,堅持
UPHOLD,堅持
UPLIFT,隆起
UPPERMOST,最上面的
UPRIGHT,直立
UPSIDE,上行
UPWARD,向上
USABLE,可用
USEFUL,有用
USEFULNESS,用處
UTILITARIAN,功利主義者
UTILIZATION,利用
UTILIZE,利用
UTTERMOST,最大的
VALIANT,英勇
VALID,有效的
VALIDITY,有效性
VALOR,勇氣
VALUABLE,有價值的
VALUE#2,價值＃2
VALUE#3,價值＃3
VANQUISH,征服
VASTNESS,浩瀚
VENERABLE,可敬
VENERATE,ven
VERIFICATION,確認
VERIFY,核實
VERITABLE,合法的
VERSATILE,多才多藝的
VERSATILITY,多功能性
VIABILITY,可行性
VIABLE,可行的
VICTORIOUS,勝利
VIRTUE,美德
VIRTUOUS,賢
VISIONARY,有遠見的
VISUALIZATION,可視化
VITALITY,活力
VIVACIOUS,活潑
VIVID,生動
VOLUNTARY,自主性
VOUCHSAFE,vouchsafe.
WARM#1,溫暖＃1
WARM#2,溫暖＃2
WARM#3,溫暖＃3
WARM#4,溫暖＃4
WARM#5,溫暖＃5
WARMHEARTED,熱心
WARMTH,溫暖
WELCOME#1,歡迎＃1
WELCOME#2,歡迎＃2
WELCOME#3,歡迎＃3
WELCOME#5,歡迎＃5
WELFARE#1,福利＃1
WHIMSICAL,異想天開
WHOLESOME,健康
WILLFUL,故意
WILLING,願意的
WILLINGNESS,願意
WISDOM,智慧
WISE#1,明智的＃1
WISE#2,明智的＃2
WISE#3,聰明＃3
WISE#4,明智的＃4.
WISE#5,明智的＃5.
WITTY,機智
WONDER#1,奇蹟＃1
WONDERFUL,精彩的
WONDROUS,奇妙的
WORKABLE,可行的
WORKMANSHIP,做工
WORLD-FAMOUS,世界知名
WORTH#1,值得＃1
WORTH#2,值得＃2
WORTH#3,值得＃3
WORTH#4,值得＃4
WORTH-WHILE,值得
WORTHINESS,值得
WORTHY,值得
ZENITH,鼎盛
ZEST,熱情
A,看好
B,看多
C,利多
D,大漲
E,暴漲
F,漲
G,成長
H,正面
I,支撐
J,突破
K,有利
L,穩定
M,大好
N,獲利
O,賺錢
P,淨利
Q,機會
r,買進
s,買入
u,投資
v,信仰
w,信徒
x,財富
y,牛市
z,贏家
